libName,lbiType,sidoName,gunguName,closeDay,weekdayTime,satTime,holidayTime,tkNum,tkDay,adrress,phNum,url,latitude,longitude
중랑구립면목정보도서관,공공도서관,서울특별시,중랑구,"매월 첫째, 셋째 월요일,법정공휴일(일요일제외) 및 근로자의날(5월1일), 임시휴관일",08:00-23:00,08:00-22:00,00:00-00:00,5,14,서울특별시 중랑구 면목로 397 (면목동),02-432-4120,http://www.jungnanglib.seoul.kr/mmlib,37.5873561521,127.0875565596
중랑숲어린이도서관,공공도서관,서울특별시,중랑구,"매주월요일, 법정공휴일(일요일제외) 및 근로자의날(5월1일), 임시휴관일",09:00-18:00,09:00-17:00,00:00-00:00,5,14,서울특별시 중랑구 망우로73길 46-1 (망우동),02-6235-1150,http://www.jungnanglib.seoul.kr/suplib,37.602634,127.103926
중화어린이도서관,공공도서관,서울특별시,중랑구,"매주일요일, 법정공휴일 및 근로자의날(5월1일), 임시휴관일",09:00-18:00,10:00-17:00,00:00-00:00,5,14,서울특별시 중랑구 중랑역로3길 28 (중화동),02-494-1846,http://www.jungnanglib.seoul.kr/jhklib,37.595004,127.0748924744
양원숲속도서관,공공도서관,서울특별시,중랑구,"매주월요일, 법정공휴일(일요일제외) 및 근로자의날(5월1일), 임시휴관일",09:00-18:00,09:00-17:00,00:00-00:00,5,14,서울특별시 중랑구 송림길 172 (망우동),02-432-0711,http://www.jungnanglib.seoul.kr/ywlib/,37.606825,127.110697
중랑상봉도서관,공공도서관,서울특별시,중랑구,"매주월요일, 법정공휴일(일요일제외) 및 근로자의날(5월1일), 임시휴관일",09:00-20:00,09:00-17:00,00:00-00:00,5,14,서울특별시 중랑구 동일로114길 10 (상봉동),,http://www.jungnanglib.seoul.kr/sblib/,37.5931272353,127.080932
송파글마루도서관,공공도서관,서울특별시,송파구,매주월요일+국가지정공휴일,09:00-22:00,09:00-22:00,09:00-22:00,5,14,서울특별시 송파구 충민로 120 (장지동),02-449-8855,http://www.splib.or.kr,37.4808326922,127.1304765731
송파어린이도서관,공공도서관,서울특별시,송파구,매주월요일+국가지정공휴일,09:00-18:00,09:00-18:00,09:00-18:00,5,14,서울특별시 송파구 올림픽로 105 (잠실동),02-418-0303,http://www.splib.or.kr,37.5121012604,127.0824284892
거마도서관,공공도서관,서울특별시,송파구,국가지정공휴일+2째월요일+4째월요일,08:00-23:00,08:00-23:00,08:00-23:00,5,14,서울특별시 송파구 거마로2길 19 (거여동),02-449-2332,http://www.splib.or.kr,37.493545,127.1468273964
소나무언덕1호,공공도서관,서울특별시,송파구,매주월요일+국가지정공휴일,09:00-22:00,09:00-22:00,09:00-22:00,5,14,서울특별시 송파구 올림픽로 47길 9 (풍납동),02-475-0266,http://www.splib.or.kr,37.5274169166,127.1180408616
소나무언덕2호,공공도서관,서울특별시,송파구,매주월요일+국가지정공휴일,09:00-22:00,09:00-22:00,09:00-22:00,5,14,서울특별시 송파구 석촌호수로 155 (잠실동),02-424-0083,http://www.splib.or.kr,37.5072666662,127.0942172981
소나무언덕3호,공공도서관,서울특별시,송파구,매주월요일+국가지정공휴일,09:00-22:00,09:00-22:00,09:00-22:00,5,14,서울특별시 송파구 성내천로 319 (마천동),02-443-0130,http://www.splib.or.kr,37.492325,127.156619
소나무언덕4호,공공도서관,서울특별시,송파구,매주월요일+국가지정공휴일,09:00-22:00,09:00-22:00,09:00-22:00,5,14,서울특별시 송파구 송이로 34 (송파동),02-419-5100,http://www.splib.or.kr,37.502207,127.116836
소나무언덕 잠실본동,공공도서관,서울특별시,송파구,매주월요일+국가지정공휴일,09:00-18:00,09:00-18:00,09:00-18:00,5,14,서울특별시 송파구 탄천동로 211 (잠실동),02-412-0750,http://www.splib.or.kr,37.5031008494,127.0788719571
송파어린이영어,공공도서관,서울특별시,송파구,매주월요일+국가지정공휴일,09:00-18:00,09:00-18:00,09:00-18:00,5,14,서울특별시 송파구 오금로 1 (신천동),02-415-3567,http://www.splib.or.kr,37.5223926038,127.1029830143
돌마리도서관,공공도서관,서울특별시,송파구,매주월요일+국가지정공휴일,09:00-22:00,09:00-22:00,09:00-22:00,5,14,서울특별시 송파구 백제고분로37길 16 (석촌동),02-414-7007,http://www.splib.or.kr,37.5035646147,127.1036854792
송파위례도서관,공공도서관,서울특별시,송파구,매주월요일+국가지정공휴일,09:00-22:00,09:00-22:00,09:00-22:00,5,14,서울특별시 송파구 위례광장로 210 (장지동),02-402-3003,http://www.splib.or.kr,37.4811666537,127.1439359526
은평구립도서관,공공도서관,서울특별시,은평구,"월요일,법정공휴일",09:00-22:00,09:00-18:00,09:00-18:00,5,14,서울특별시 은평구 통일로78가길 13-84,02-385-1671,http://www.eplib.or.kr/,37.61897412,126.9282674
증산정보도서관,공공도서관,서울특별시,은평구,"금요일,법정공휴일",09:00-22:00,09:00-18:00,09:00-18:00,5,14,서울특별시 은평구 증산로5길 6,02-307-6030,http://www.jsplib.or.kr/,37.5828079079,126.9076711057
응암정보도서관,공공도서관,서울특별시,은평구,"금요일,법정공휴일",09:00-22:00,09:00-18:00,09:00-18:00,5,14,서울특별시 은평구 가좌로 7길 15,02-308-2320,http://www.ealib.or.kr/,37.5859665629,126.9196820594
상림마을작은도서관,공공도서관,서울특별시,은평구,"월요일,법정공휴일",09:00-18:00,09:00-18:00,09:00-18:00,5,14,서울특별시 은평구 진관4로 48-25,02-838-7557,http://www.eplib.or.kr/,37.6442159908,126.9289423548
은평뉴타운 도서관,공공도서관,서울특별시,은평구,"금요일,법정공휴일",09:00-22:00,09:00-18:00,09:00-18:00,5,14,서울특별시 은평구 진관2로 111-51,02-6341-6400,http://www.enlib.or.kr/,37.6372303968,126.9331183475
링컨타운책벌레작은도서관,작은도서관,부산광역시,강서구,"화, 목, 토, 일요일, 공휴일",13:00-17:00,00:00-00:00,00:00-00:00,5,14,부산광역시 강서구 명지오션시티10로 16,051-271-7170,,35.0863924748,128.8967866402
아인슈타인타운책벌레작은도서관,작은도서관,부산광역시,강서구,공휴일,13:00-17:00,00:00-00:00,00:00-00:00,4,14,부산광역시 강서구 명지오션시티11로 51,051-271-7781,,35.0863733834,128.8998472907
에디슨타운책벌레작은도서관,작은도서관,부산광역시,강서구,"토요일, 일요일, 공휴일",17:00-21:00,00:00-00:00,00:00-00:00,5,14,부산광역시 강서구 명지오션시티10로 17,051-271-0541,,35.0881498194,128.8973623855
책나무작은도서관,작은도서관,부산광역시,강서구,"토요일, 일요일, 공휴일",09:00-18:00,00:00-00:00,00:00-00:00,2,14,부산광역시 강서구 대저로63번길 31,051-972-4591,,35.2167610356,128.9593384285
명지한신휴플러스작은도서관,작은도서관,부산광역시,강서구,"화, 목, 토, 일요일, 공휴일",10:00-17:00,00:00-00:00,00:00-00:00,5,14,부산광역시 강서구 명지오션시티1로 155,051-271-2750,,35.0808127507,128.9011259773
솔마레작은도서관,작은도서관,부산광역시,강서구,"토요일, 일요일, 공휴일",09:00-18:00,00:00-00:00,00:00-00:00,5,14,부산광역시 강서구 명지오션시티12로 10,051-271-3999,,35.0817416562,128.8965956239
에일린의뜰작은도서관,작은도서관,부산광역시,강서구,"토요일, 일요일, 공휴일",09:00-18:00,00:00-00:00,00:00-00:00,6,7,부산광역시 강서구 명지국제5로 60,051-291-8855,,35.1004502254,128.9208814883
동행작은도서관,작은도서관,부산광역시,강서구,"월요일, 공휴일",12:00-17:00,12:00-17:00,00:00-00:00,0,0,부산광역시 강서구 명지국제6로 288,051-204-1191,,35.1009809131,128.9242406745
지사꿈꾸는작은도서관,작은도서관,부산광역시,강서구,"토요일, 일요일, 공휴일",13:00-21:00,00:00-00:00,00:00-00:00,5,7,부산광역시 강서구 과학산단2로 20번길 69,051-941-1184,,35.1508939254,128.8389873018
대방2차Book적Book적작은도서관,작은도서관,부산광역시,강서구,"토요일, 일요일, 공휴일",10:00-18:00,00:00-00:00,00:00-00:00,5,7,부산광역시 강서구 명지국제5로 11,051-294-8705,,35.0953296490,128.9191736205
소담북카페,작은도서관,부산광역시,강서구,"월요일, 공휴일",11:00-19:00,11:00-16:00,00:00-00:00,5,14,부산광역시 강서구 명지국제8로 289,051-203-0199,,35.0979276731,128.9244671626
호반베르디움작은도서관,작은도서관,부산광역시,강서구,"토요일, 일요일, 공휴일",09:00-18:00,00:00-00:00,00:00-00:00,0,0,부산광역시 강서구 명지국제5로 29,051-271-8826,,35.0961140531,128.9178981304
휴포레작은도서관,작은도서관,부산광역시,강서구,"월, 수, 토, 일, 공휴일",10:00-18:00,00:00-00:00,00:00-00:00,5,14,부산광역시 강서구 명지국제5로 141,051-292-2846,,35.1075298025,128.9211222175
명지2차금강작은도서관,작은도서관,부산광역시,강서구,없음,11:00-23:00,11:00-23:00,11:00-23:00,0,0,부산광역시 강서구 명지국제5로 109,051-207-0401,,35.1042151286,128.9191933274
명지두산작은도서관,작은도서관,부산광역시,강서구,"토요일, 일요일, 공휴일",09:00-23:00,09:00-23:00,09:00-23:00,5,14,부산광역시 강서구 명지오션시티11로 22,051-271-3787,,35.0839996811,128.8967356141
중흥에듀오션작은도서관,작은도서관,부산광역시,강서구,없음,10:00-18:00,10:00-18:00,10:00-18:00,5,14,부산광역시 강서구 명지국제5로 90,051-201-5923,,35.1012761085,128.9208570057
협성숲속의작은도서관,작은도서관,부산광역시,강서구,"일요일, 공휴일",09:00-22:00,09:00-22:00,00:00-00:00,0,0,부산광역시 강서구 과학산단로306번길 10,051-941-2725,,35.1496614885,128.8368221367
금강3차작은도서관,작은도서관,부산광역시,강서구,"토요일, 일요일, 공휴일",09:00-18:00,00:00-00:00,00:00-00:00,5,14,부산광역시 강서구 명지국제5로 110,051-201-4521,,35.1040785205,128.9214447595
더에듀팰리스부영작은도서관,작은도서관,부산광역시,강서구,"토요일, 일요일, 공휴일",14:00-18:00,00:00-00:00,00:00-00:00,5,14,부산광역시 강서구 명지국제7로 110,051-271-3577,,35.0959305459,128.9130867569
꿈마루작은도서관,작은도서관,부산광역시,강서구,"월요일, 일요일, 공휴일",10:00-19:00,10:00-19:00,00:00-00:00,5,14,부산광역시 강서구 공항진입로42번길 20,051-979-2131,,35.183357,128.9519900590
동구도서관,공공도서관,부산광역시,동구,"월요일, 국경일, 국가지정공휴일",09:00-23:00,09:00-23:00,00:00-00:00,5,14,부산광역시 동구 성북로 36번길 54,051-440-6411,http://library.bsdonggu.go.kr,35.1380642128,129.052451
중랑구립정보도서관,공공도서관,서울특별시,중랑구,"매월 둘째, 넷째 월요일,법정공휴일(일요일제외) 및 근로자의날(5월1일), 임시휴관일",07:00-23:00,07:00-22:00,00:00-00:00,5,14,서울특별시 중랑구 신내로15길 197 (묵동),02-490-9113,http://www.jungnanglib.seoul.kr/jnlib,37.6151557,127.0869050507
가오도서관,공공도서관,대전광역시,동구,"월요일, 관공서의 공휴일",09:00-22:00,09:00-22:00,00:00-00:00,5,14,대전광역시 동구 동구청로 147 (가오동 동구청),042-259-7051,https://www.donggu.go.kr/dg/lib/contents/628,36.3120359626,127.4549155319
용운도서관,공공도서관,대전광역시,동구,"월요일, 관공서의 공휴일",09:00-22:00,09:00-22:00,00:00-00:00,5,14,대전광역시 동구 새울로 68번길 23-23 (용운동),042-259-7021,https://www.donggu.go.kr/dg/lib/contents/640,36.3257031179,127.4638509481
가양도서관,공공도서관,대전광역시,동구,"월요일, 관공서의 공휴일",09:00-22:00,09:00-18:00,00:00-00:00,5,14,대전광역시 동구 우암로 277번길 72 (가양2동),042-259-7081,https://www.donggu.go.kr/dg/lib/contents/624,36.3490909151,127.4447483929
판암도서관,공공도서관,대전광역시,동구,"월요일, 관공서의 공휴일",09:00-18:00,09:00-18:00,00:00-00:00,5,14,대전광역시 동구 옥천로 180번길 20 (판암1동),042-259-7071,https://www.donggu.go.kr/dg/lib/contents/644,36.3164184909,127.4607715360
무지개도서관,공공도서관,대전광역시,동구,"토·일요일, 관공서의 공휴일",09:00-18:00,00:00-00:00,00:00-00:00,5,14,대전광역시 동구 동부로 56-22 (판암2동),042-259-7041,https://www.donggu.go.kr/dg/lib/contents/632,36.3202370381,127.4595334132
성남도서관,공공도서관,대전광역시,동구,"월요일, 관공서의 공휴일",09:00-18:00,09:00-18:00,00:00-00:00,5,14,대전광역시 동구 성남로 38-5 (성남동),042-259-7091,https://www.donggu.go.kr/dg/lib/contents/636,36.3423217291,127.4298546861
자양도서관,공공도서관,대전광역시,동구,"토·일요일, 관공서의 공휴일",09:00-18:00,00:00-00:00,00:00-00:00,5,14,대전광역시 동구 백룡로 16 (자양동),042-259-7422,https://www.donggu.go.kr/dg/kor/contents/621,36.3354650359,127.4486405771
홍도도서관,공공도서관,대전광역시,동구,"일요일, 관공서의 공휴일",09:00-18:00,09:00-13:00,00:00-00:00,5,14,대전광역시 동구 동산초교로 34번길 56 (홍도동),042-259-7571,https://www.donggu.go.kr/dg/kor/contents/620,36.3490805326,127.4258279099
청소년쉼터도서관,작은도서관,부산광역시,남구,"매주 토,일요일",12:00-18:00,00:00-00:00,00:00-00:00,3,7,부산광역시 남구 우암로 50(감만동),051-645-8350,,35.1149492845,129.0816968540
음성도서관,공공도서관,충청북도,음성군,매주월요일  국가지정공휴일,08:00-22:00,08:00-22:00,08:00-22:00,5,14,충청북도 음성군 음성읍 시장로 126길 29,043-873-2977,http://www.uslib.go.kr,36.9396201,127.6935851
금왕도서관,공공도서관,충청북도,음성군,매주월요일  국가지정공휴일,08:00-22:00,08:00-22:00,08:00-22:00,5,14,충청북도 음성군 금왕읍 응천서길 27번길 33,043-877-8762,http://www.kwlib.go.kr,36.9900943202,127.5922380703
대소도서관,공공도서관,충청북도,음성군,매주월요일  국가지정공휴일,09:00-22:00,09:00-22:00,09:00-22:00,5,14,충청북도 음성군 대소면 오태로 80-14,043-877-1630,http://lib.eumseong.go.kr,36.9675352752,127.4849241786
감곡도서관,공공도서관,충청북도,음성군,매주월요일  국가지정공휴일,09:00-22:00,09:00-22:00,09:00-22:00,5,14,충청북도 음성군 감곡면 장감로 131번길8,043-877-9685,http://lib.eumseong.go.kr,37.1196394503,127.6371463342
중앙도서관,공공도서관,울산광역시,북구,"매주월요일, 법정공휴일",09:00-22:00,09:00-18:00,09:00-18:00,20,14,울산광역시 북구 두부곡 1길 9(연암동),052-241-7407,https://www.usbl.or.kr,35.58419071,129.3672866
매곡도서관,공공도서관,울산광역시,북구,"매주월요일, 법정공휴일",09:00-22:00,09:00-18:00,09:00-18:00,20,14,울산광역시 북구 매곡로 138-19 (매곡동),052-241-7470,https://www.usbl.or.kr,35.64650566,129.3588981
기적의도서관,공공도서관,울산광역시,북구,"매주월요일, 법정공휴일",09:00-20:00,09:00-18:00,09:00-18:00,20,14,울산광역시 북구 이화5길 29-13(중산동),052-241-7420,https://www.usbl.or.kr,35.6621625797,129.3365171247
농소1동도서관,공공도서관,울산광역시,북구,"매주월요일, 법정공휴일",09:00-22:00,09:00-18:00,09:00-18:00,20,14,울산광역시 북구 동대 15길 27 (호계동),052-241-7430,https://www.usbl.or.kr,35.6291873,129.3545038
농소3동도서관,공공도서관,울산광역시,북구,"매주월요일, 법정공휴일",09:00-22:00,09:00-18:00,09:00-18:00,20,14,울산광역시 북구 아진1로 47(천곡동),052-241-7440,https://www.usbl.or.kr,35.6330929,129.3355864
염포양정도서관,공공도서관,울산광역시,북구,"매주월요일, 법정공휴일",09:00-22:00,09:00-18:00,09:00-18:00,20,14,울산광역시 북구 염포로 685-1(염포동),052-241-7450,https://www.usbl.or.kr,35.5318826,129.3939096
명촌어린이도서관,공공도서관,울산광역시,북구,"매주월요일, 법정공휴일",09:00-21:00,09:00-18:00,09:00-18:00,20,14,"울산광역시 북구 명촌12길 11, 4층(명촌동)",052-241-7460,https://www.usbl.or.kr,35.5551405078,129.3553039
강서도서관,공공도서관,부산광역시,강서구,매주 월요일 및 정부지정공휴일,07:00-23:00,07:00-23:00,07:00-23:00,5,14,"부산광역시 강서구 공항로811번길 10,강서도서관(대저2동,강서브라이트센터)",051-970-4067,https://library.bsgangseo.go.kr/gslib/,35.1802351506,128.9572976673
강서기적의도서관,어린이도서관,부산광역시,강서구,매주 월요일 및 정부지정공휴일,09:00-18:00,09:00-18:00,09:00-17:00,5,14,"부산광역시 강서구 명지오션시티10로 80(명지동, 강서기적의도서관)",051-970-2317,https://library.bsgangseo.go.kr/gmlib/,35.0861632092,128.9047410245
극동스타클래스작은도서관,작은도서관,부산광역시,강서구,"토요일, 일요일, 공휴일",10:00-22:00,10:00-12:00,00:00-00:00,3,10,부산광역시 강서구 명지오션시티2로 71,051-271-2142,,35.0839523463,128.8999884772
용문도서관,공공도서관,경기도,양평군,"신정,설,추석연휴",08:00-00:00,08:00-00:00,08:00-00:00,7,14,경기도 양평군 용문면 용문로 395,031-770-2709,http://www.yplib.go.kr,37.4871684148,127.5962168203
지평도서관,공공도서관,경기도,양평군,"신정,설,추석연휴",08:00-22:00,08:00-22:00,08:00-22:00,7,14,경기도 양평군 지평면 지평의병로116번길 5-1,031-770-2561,http://www.yplib.go.kr,37.4737193725,127.6385165678
양동도서관,공공도서관,경기도,양평군,"신정,설,추석연휴",08:00-22:00,08:00-22:00,08:00-22:00,7,14,경기도 양평군 양동면 학둔지아래길 93,031-770-2571,http://www.yplib.go.kr,37.4191910806,127.7546882143
강상작은도서관,작은도서관,경기도,양평군,"매주일,월/공휴일",09:00-18:00,09:00-18:00,00:00-00:00,7,14,경기도 양평군 강상면 송학길 60,031-775-7483,http://www.yplib.go.kr,37.480695,127.478067
강하작은도서관,작은도서관,경기도,양평군,"매주일,월/공휴일",09:00-18:00,09:00-18:00,00:00-00:00,7,14,경기도 양평군 강하면 운심길 47,031-771-4302,http://www.yplib.go.kr,37.4961765159,127.4112172088
고읍내작은도서관,작은도서관,경기도,양평군,"매주일,월/공휴일",09:00-18:00,09:00-18:00,00:00-00:00,7,14,경기도 양평군 옥천면 옥천길 21,031-771-5703,http://www.yplib.go.kr,37.5181061948,127.4560503022
서종작은도서관,작은도서관,경기도,양평군,"매주일,월/공휴일",09:00-18:00,09:00-18:00,00:00-00:00,7,14,경기도 양평군 서종면 북한강로 777,031-775-8258,http://www.yplib.go.kr,37.6065835263,127.3487122175
청운작은도서관,작은도서관,경기도,양평군,"매주일,월/공휴일",09:00-18:00,09:00-18:00,00:00-00:00,7,14,경기도 양평군 청운면 용두민속장터길 2,031-775-0552,http://www.yplib.go.kr,37.553631,127.708314
개군작은도서관,작은도서관,경기도,양평군,"매주일,월/공휴일",09:00-18:00,09:00-18:00,00:00-00:00,7,14,경기도 양평군 개군면 추읍로 37,031-771-5624,http://www.yplib.go.kr,37.4282168293,127.5422415370
단월작은도서관,작은도서관,경기도,양평군,"매주일,월/공휴일",09:00-18:00,09:00-18:00,00:00-00:00,7,14,경기도 양평군 단월면 보룡길 82,031-771-0634,http://www.yplib.go.kr,37.540818,127.6735088281
세미원작은도서관,작은도서관,경기도,양평군,매주 월요일,09:00-18:00,09:00-18:00,09:00-18:00,7,14,경기도 양평군 양서면 양수로 93,031-775-1835,http://www.yplib.go.kr,37.5409393776,127.3239611372
안성시립중앙도서관,공공도서관,경기도,안성시,1)매주월요일 2)국가지정공휴일,08:00-23:59,08:00-23:59,00:00-24:00,10,14,경기도 안성시 안성맞춤대로 1150(금산동),031-676-7941,http://www.anseong.go.kr/library,37.0152402376,127.2685394701
안성시립공도도서관,공공도서관,경기도,안성시,1)매주금요일 2)국가지정공휴일,08:00-23:59,08:00-23:59,00:00-24:00,10,14,경기도 안성시 공도읍 공도5로 26,031-678-3210,http://www.anseong.go.kr/library,37.0033619496,127.1726994903
안성시립보개도서관,공공도서관,경기도,안성시,1)매주금요일 2)국가지정공휴일,09:00-22:00,09:00-22:00,00:00-24:00,10,14,경기도 안성시 보개면 종합운동장로 205,031-678-5330,http://www.anseong.go.kr/library,37.0150482121,127.3224972111
안성시립진사도서관,공공도서관,경기도,안성시,1)매주월요일 2)국가지정공휴일,09:00-22:00,09:00-22:00,00:00-24:00,10,14,경기도 안성시 공도읍 진사2길 70,031-678-4090,http://www.anseong.go.kr/library,36.9940824874,127.1444641980
안성시립일죽도서관,공공도서관,경기도,안성시,1)매주일요일 2)국가지정공휴일,09:00-19:00,09:00-19:00,00:00-24:00,10,14,"경기도 안성시 일죽면 금일로 433, 4층",031-671-3230,http://www.anseong.go.kr/library,37.0905746,127.4770372107
풍림작은도서관,작은도서관,경기도,안성시,1)매주일요일 2)국가지정공휴일,10:00-19:00,10:00-19:00,00:00-24:00,10,14,"경기도 안성시 공도읍 서동대로 4079, 관리동 1층(주은풍림아파트)",031-618-0062,http://www.anseong.go.kr/library,36.9982956169,127.1588295010
송정작은도서관,작은도서관,경기도,안성시,1)매주일요일 2)국가지정공휴일,10:00-19:00,10:00-19:00,00:00-24:00,10,14,"경기도 안성시 공도읍 양기길 46, 관리동 2층(송정아파트)",031-618-0064,http://www.anseong.go.kr/library,37.0054799851,127.2010036831
태산작은도서관,작은도서관,경기도,안성시,1)매주일요일 2)국가지정공휴일,10:00-19:00,10:00-19:00,00:00-24:00,10,14,"경기도 안성시 공도읍 벚꽃길 36, 관리동 3층(태산아파트)",031-618-0084,http://www.anseong.go.kr/library,36.9998372873,127.1541052527
부영작은도서관,작은도서관,경기도,안성시,1)매주일요일 2)국가지정공휴일,10:00-19:00,10:00-19:00,00:00-24:00,10,14,"경기도 안성시 공도읍 만수로 31, 관리동 2층(부영아파트)",031-618-0089,http://www.anseong.go.kr/library,37.0088960455,127.1837275642
죽산작은도서관,작은도서관,경기도,안성시,1)매주일요일 2)국가지정공휴일,10:00-19:00,10:00-19:00,00:00-24:00,10,14,경기도 안성시 죽산면 중부길 41,031-677-7941,http://www.anseong.go.kr/library,37.0770077308,127.4238622
삼죽작은도서관,작은도서관,경기도,안성시,1)매주일요일 2)국가지정공휴일,09:00-18:00,09:00-18:00,00:00-24:00,10,14,"경기도 안성시 삼죽면 삼죽로 112, 2층(삼죽복지회관)",031-671-7940,http://www.anseong.go.kr/library,37.0732077197,127.3749616062
대림동산작은도서관,작은도서관,경기도,안성시,"1)매주월,금요일 2)국가지정공휴일",10:00-19:00,10:00-19:00,00:00-24:00,10,14,경기도 안성시 공도읍 대림동산길 38,070-4942-0049,http://www.anseong.go.kr/library,37.0141772178,127.2031120897
로뎀나무 아래 작은 도서관,작은도서관,부산광역시,남구,없음,13:00-17:00,13:00-17:00,13:00-17:00,0,0,부산광역시 남구 고동골로97번길 87(문현동),051-636-2602,,35.1461569653,129.0750529471
문현마을문고,작은도서관,부산광역시,남구,"매주 토,일요일",09:00-18:00,00:00-00:00,00:00-00:00,5,14,부산광역시 남구 수영로39번길 35(문현동),051-642-1515,,35.1385677685,129.0721878732
부산광역시남구도서관,공공도서관,부산광역시,남구,"매주 월요일,국경일,정부지정공휴일",07:00-23:00,07:00-23:00,07:00-23:00,5,15,부산광역시 남구 수영로 267번길 61(대연동),051-621-8160,http://library.bsnamgu.go.kr,35.1376962418,129.0945670644
부산시여성회관 작은도서관,작은도서관,부산광역시,남구,"매주 토,일요일",10:00-18:00,00:00-00:00,00:00-00:00,5,14,"부산광역시 남구 대연3동 수영로 356(대연동, 부산광역시여성회관)",051-610-2001,,,
북조아 작은 도서관,작은도서관,부산광역시,남구,"매주 토,일요일",09:00-18:00,00:00-00:00,00:00-00:00,3,7,부산광역시 남구 우암양달로89번길 28-3(우암동),051-647-3655,,35.1271615873,129.0751982276
브니엘 학습관 문고,작은도서관,부산광역시,남구,"매주 토,일요일",10:30-20:00,00:00-00:00,00:00-00:00,0,0,부산광역시 남구 천제등로28번길 50(대연동),051-624-5052,,35.1318123243,129.0864875868
산성교회문고,작은도서관,부산광역시,남구,매주 목요일,09:30-16:30,09:30-13:00,16:30-18:00,2,14,부산광역시 남구 유엔로137번길 9(대연동),051-627-7028,,35.1306287982,129.0911566339
샘터꿈의도서관,작은도서관,부산광역시,남구,"매주 월,일요일",14:00-18:00,14:00-18:00,00:00-00:00,3,7,부산광역시 남구 조각공원로27번길 12(대연동),051-628-6009,,35.1295488981,129.1006546182
샘터작은도서관,작은도서관,부산광역시,남구,"매주 토,일요일",10:00-19:00,00:00-00:00,00:00-00:00,3,7,부산광역시 남구 수영로 205-11(대연동),051-622-3130,,35.1354756250,129.0887311956
솔로몬 도서관,작은도서관,부산광역시,남구,매주 월요일,13:00-17:00,13:00-17:00,13:00-17:00,3,7,부산광역시 남구 고동골로 5(문현동),070-7596-7189,,35.1375637660,129.0708240470
수피아,작은도서관,부산광역시,남구,매주 일요일,10:00-18:00,10:00-18:00,00:00-00:00,0,0,"부산광역시 남구 장고개로85번길 14-37, 상가1층(문현동)",051-631-1949,,35.1320526930,129.0684773772
수학공방강장작은도서관,작은도서관,부산광역시,남구,"매주 토,일요일",13:00-18:00,00:00-00:00,00:00-00:00,0,0,부산광역시 남구 용호로42번길 95(용호동),051-626-3257,,35.1225887514,129.1097593044
작은나무 큰숲도서관,작은도서관,부산광역시,남구,매주 일요일,13:00-18:00,13:00-18:00,00:00-00:00,10,7,부산광역시 남구 용호로159번길 10(용호동),051-627-1692,,35.1177670781,129.1121662425
작은나무숲,작은도서관,부산광역시,남구,"매주 토,일요일",14:00-19:00,00:00-00:00,00:00-00:00,2,7,부산광역시 남구 양지골로 141(감만동),,,35.1150396118,129.0860860415
작은여울 도서관,작은도서관,부산광역시,남구,"매주 토,일요일",09:00-18:00,00:00-00:00,00:00-00:00,5,7,부산광역시 남구 진남로232번길 51(문현동),051-636-0086,,35.1464232716,129.0780220028
참사랑도서관,작은도서관,부산광역시,남구,"매주 토,일요일",13:00-18:00,00:00-00:00,00:00-00:00,0,0,부산광역시 남구 동명로101번길 81(용호동),070-7594-8906,,35.1235662324,129.1076522813
책나루작은도서관,작은도서관,부산광역시,남구,매주 월요일,14:00-18:00,14:00-18:00,14:00-18:00,3,7,부산광역시 남구 용호로 189-1(용호동),051-611-0316,,35.1153568620,129.1114723010
책나무그늘 작은도서관,작은도서관,부산광역시,남구,매주 일요일,13:00-18:00,13:00-18:00,00:00-00:00,4,7,부산광역시 남구 용호로 38-17(용호동),051-611-7923,,35.1262762186,129.1066559710
캐슬리안북카페,작은도서관,부산광역시,남구,없음,10:00-22:00,10:00-22:00,10:00-22:00,0,0,"부산광역시 남구 수영로 325번길61(대연동, 대연동 롯데캐슬아파트)",051-626-9531,,35.1409379122,129.0999160596
용당꿈꾸는어린이도서관,작은도서관,부산광역시,남구,"매주 월,화,목,토,일요일",14:00-18:00,00:00-00:00,00:00-00:00,0,0,"부산광역시 남구 동명로 26, (용당동)",051-901-1409,,35.1188519864,129.0995200033
유엔평화기념관 작은도서관,작은도서관,부산광역시,남구,매주 월요일,10:00-17:00,10:00-17:00,10:00-17:00,0,0,"부산광역시 남구 홍곡로320번길 106, (대연동) 유엔기념관 3층",,,35.1250051456,129.0932679537
중앙도서관,공공도서관,경기도,양평군,"신정,설,추석연휴",08:00-00:00,08:00-00:00,08:00-00:00,7,14,경기도 양평군 양평읍 양근로 240-9,031-770-2711,http://www.yplib.go.kr,37.4859108923,127.494309
어린이도서관,공공도서관,경기도,양평군,매주월/공휴일,09:00-18:00,09:00-18:00,09:00-18:00,7,14,경기도 양평군 양평읍 양근로 240-9,031-770-2758,http://www.yplib.go.kr,37.4859108923,127.4943423981
양서친환경도서관,공공도서관,경기도,양평군,"신정,설,추석연휴",08:00-00:00,08:00-00:00,08:00-00:00,7,14,경기도 양평군 양서면 양수로 110,031-770-2591,http://www.yplib.go.kr,37.5425052991,127.3233070974
옹달샘작은도서관,작은도서관,광주광역시,동구,"매주 토, 일요일, 국가지정공휴일",14:00-17:00,00:00-00:00,00:00-00:00,0,0,"광주광역시 동구 학소로76번길 14, 모아미래도(소태동)",062-233-0433,,35.1269535076,126.9359978630
학2마을작은도서관,작은도서관,광주광역시,동구,"매주 일요일, 국가지정공휴일",09:00-18:00,09:00-13:00,00:00-00:00,0,0,"광주광역시 동구 남문로693번길 11, 학2마을아파트 (학동)",062-223-1168,,35.1298154934,126.9282276777
월남호반독서치유도서관,작은도서관,광주광역시,동구,"매주 토, 일요일",15:00-18:00,00:00-00:00,00:00-00:00,0,0,"광주광역시 동구 남문로 377, 월남호반아파트 (월남동)",062-227-0660,,35.1050689831,126.9372258815
살레시오 작은도서관 마인,작은도서관,광주광역시,동구,"매주 일요일, 국가지정공휴일",10:00-18:00,09:00-17:00,00:00-00:00,0,0,광주광역시 동구 필문대로 263번길 24,062-233-1013,,35.1469753951,126.9309166032
예향 작은도서관,작은도서관,광주광역시,동구,"매주 일요일, 국가지정공휴일",14:00-19:00,14:00-18:00,00:00-00:00,0,0,광주광역시 동구 남문로 638-3,062-232-7429,,35.1280684237,126.9309413507
김냇과작은도서관,작은도서관,광주광역시,동구,국가지정공휴일,10:30-20:00,10:30-20:00,00:00-00:00,0,0,광주광역시 동구 구성로 204번길 13,062-229-3355,,35.1527778127,126.9158060445
작은도서관 동고송,작은도서관,광주광역시,동구,"매주 토, 일요일, 국가지정공휴일",10:00-17:00,00:00-00:00,00:00-00:00,0,0,광주광역시 동구 갈마로 6,000-000-0000,,35.1602184547,126.9313971221
사당솔밭도서관,공공도서관,서울특별시,동작구,"매주 월요일, 법정공휴일",09:00-22:00,09:00-17:00,00:00-00:00,5,14,서울특별시 동작구 솔밭로 86,02-585-8411,http://lib.dongjak.go.kr/,37.484056,126.967369
동작상도국주도서관,공공도서관,서울특별시,동작구,"매주 월요일, 법정공휴일",09:00-22:00,09:00-17:00,00:00-00:00,5,14,서울특별시 동작구 매봉로 37,02-813-6750,http://lib.dongjak.go.kr/,37.5068219493,126.9509960718
동작어린이도서관,공공도서관,서울특별시,동작구,"매주 월요일, 법정공휴일",09:00-18:00,09:00-17:00,00:00-00:00,5,14,서울특별시 동작구 장승배기로16길 98,02-823-6750,http://lib.dongjak.go.kr/,37.5092044290,126.943434
대방어린이도서관,공공도서관,서울특별시,동작구,"매주 월요일, 법정공휴일",09:00-18:00,09:00-17:00,00:00-00:00,5,14,서울특별시 동작구 대방동길 55,02-813-6740,http://lib.dongjak.go.kr/,37.5030242235,126.9252221319
약수도서관,공공도서관,서울특별시,동작구,"매주 월요일, 법정공휴일",09:00-18:00,09:00-17:00,00:00-00:00,5,14,서울특별시 동작구 양녕로22바길 64,02-823-1907,http://lib.dongjak.go.kr/,37.497851,126.9474396
동작샘터도서관,작은도서관,서울특별시,동작구,"매주 월요일, 법정공휴일",09:00-18:00,09:00-17:00,00:00-00:00,5,14,서울특별시 동작구 동작대로29길 63-26,02-533-6750,http://lib.dongjak.go.kr/,37.4883609,126.977553
다울작은도서관,작은도서관,서울특별시,동작구,"매주 월요일, 법정공휴일",09:00-18:00,09:00-17:00,00:00-00:00,5,14,서울특별시 동작구 사당로20길132,02-3473-3360,http://lib.dongjak.go.kr/,37.4788487,126.9732460032
국사봉숲속작은도서관,작은도서관,서울특별시,동작구,"매주 일요일, 법정공휴일",10:00-18:00,10:00-18:00,00:00-00:00,5,14,서울특별시 동작구 양녕로23길27,02-820-9221,http://lib.dongjak.go.kr/,37.4954320648,126.9405908581
행복한 작은도서관,작은도서관,부산광역시,남구,"매주 토,일요일",13:00-20:00,00:00-00:00,00:00-00:00,0,0,부산광역시 남구 양지골로169번길 56(감만동),051-636-0691,,35.1159900517,129.0828025253
LG메트로작은쌈지도서관,작은도서관,부산광역시,남구,"매주 토,일요일",10:00-17:00,00:00-00:00,00:00-00:00,2,7,부산광역시 남구 신선로 566-2(용호동) 4층,051-612-2295,,35.1304964685,129.1120825902
감만꿈터,작은도서관,부산광역시,남구,매주 일요일,09:00-22:00,09:00-18:00,00:00-00:00,3,7,부산광역시 남구 우암로 84-1(감만동) 감만사회복지관 5층,051-634-3415,,35.1184448986,129.0813295541
꿈샘작은도서관,작은도서관,부산광역시,남구,"매주 토,일요일",11:00-20:00,11:00-20:00,00:00-00:00,0,0,"부산광역시 남구 유엔로 1-1, 상가동 203호(우암동)",051-632-5165,,35.1256134425,129.0786645243
꿈이 자라는 작은도서관,작은도서관,부산광역시,남구,"매주 토,일요일",11:00-20:00,09:00-00:00,00:00-00:00,0,0,"부산광역시 남구 수영로 219번길 59(대연동, 대연교회 교육관) 2층, 대연지역아동센터",051-621-2904,,35.1377976806,129.0901552314
대동골문화센터작은도서관,작은도서관,부산광역시,남구,매주 월요일,11:00-17:00,11:00-17:00,11:00-17:00,2,15,부산광역시 남구 황령대로319번가길 147(대연동),051-607-3380,,35.1524057568,129.0889884063
대천 작은도서관,작은도서관,부산광역시,남구,"매주 토,일요일",09:00-18:00,00:00-00:00,00:00-00:00,1,14,부산광역시 남구 유엔평화로47번길 125(대연동),051-627-5622,,35.1308879198,129.0991006643
동항작은도서관,작은도서관,부산광역시,남구,없음,09:00-21:00,09:00-21:00,09:00-21:00,2,7,부산광역시 남구 우암로75번길 7(감만동),051-644-3881,,35.1173177955,129.0802128968
들꽃이야기 작은도서관,작은도서관,부산광역시,남구,"매주 토,일요일",13:00-18:00,00:00-00:00,00:00-00:00,2,15,부산광역시 남구 수영로219번길 33(대연동),051-621-9577,,35.1366741816,129.0902976371
호원1동 작은도서관,작은도서관,경기도,의정부시,"매주 토,일요일 및 법정공휴일",09:00-18:00,00:00-00:00,00:00-00:00,10,21,경기도 의정부시 평화로230번길 12-9 (호원동),031-870-7359,http://www.uilib.go.kr,37.711992,127.048765
장암동 작은도서관,작은도서관,경기도,의정부시,"매주 토,일요일 및 법정공휴일",09:00-18:00,00:00-00:00,00:00-00:00,10,21,경기도 의정부시 장곡로250번길 23 (장암동),031-870-7564,http://www.uilib.go.kr,37.726407,127.054254
신곡1동 작은도서관,작은도서관,경기도,의정부시,매주 일요일 및 법정공휴일,09:00-18:00,10:00-14:00,00:00-00:00,10,21,경기도 의정부시 신곡로 46-21 (신곡동),031-870-7460,http://www.uilib.go.kr,37.730794,127.057845
신곡2동 작은도서관,작은도서관,경기도,의정부시,"매주 토,일요일 및 법정공휴일",09:00-18:00,00:00-00:00,00:00-00:00,10,21,경기도 의정부시 추동로23번길 7 (신곡동),031-870-7600,http://www.uilib.go.kr,37.743662,127.057977
송산1동 작은도서관,작은도서관,경기도,의정부시,"매주 토,일요일 및 법정공휴일",09:00-18:00,00:00-00:00,00:00-00:00,10,21,경기도 의정부시 민락로 13 (용현동),031-870-7826,http://www.uilib.go.kr,37.731182,127.086818
송산2동 작은도서관,작은도서관,경기도,의정부시,"매주 토,일요일 및 법정공휴일",09:00-18:00,00:00-00:00,00:00-00:00,10,21,경기도 의정부시 용민로 115 (민락동),031-870-7711,http://www.uilib.go.kr,37.739744,127.090003
자금동 작은도서관,작은도서관,경기도,의정부시,"매주 토,일요일 및 법정공휴일",09:00-18:00,00:00-00:00,00:00-00:00,10,21,경기도 의정부시 거북로 13 (금오동),031-870-7861,http://www.uilib.go.kr,37.750311,127.058160
가능동 작은도서관,작은도서관,경기도,의정부시,"매주 토,일요일 및 법정공휴일",09:00-18:00,00:00-00:00,00:00-00:00,10,21,경기도 의정부시 신촌로 35 (가능동),031-870-7068,http://www.uilib.go.kr,37.750541,127.038612
흥선동 작은도서관,작은도서관,경기도,의정부시,"매주 토,일요일 및 법정공휴일",09:00-18:00,00:00-00:00,00:00-00:00,10,21,경기도 의정부시 흥선로 20 (가능동),031-870-6880,http://www.uilib.go.kr,37.746267,127.030649
녹양동 작은도서관,작은도서관,경기도,의정부시,"매주 토,일요일 및 법정공휴일",09:00-18:00,00:00-00:00,00:00-00:00,10,21,경기도 의정부시 진등로 21 (녹양동),031-870-7110,http://www.uilib.go.kr,37.760131,127.032307
희망 Library Center,작은도서관,경기도,의정부시,"매주 토,일요일 및 법정공휴일",11:00-20:00,00:00-00:00,00:00-00:00,10,21,경기도 의정부시 평화로 525 (의정부동),031-836-9721,http://www.uilib.go.kr,37.737991,127.045880
임자작은도서관,작은도서관,전라남도,신안군,"토요일,일요일,공휴일",09:00-18:00,00:00-00:00,00:00-00:00,5,14,전라남도 신안군 임자면 임자로 87-63,061-275-7200,없음,35.0844713482,126.1110022694
장산작은도서관,작은도서관,전라남도,신안군,"토요일,일요일,공휴일",09:00-18:00,00:00-00:00,00:00-00:00,5,14,전라남도 신안군 장산면 장산중앙길 2,061-275-5320,없음,34.642952,126.1485539574
하의작은도서관,작은도서관,전라남도,신안군,"토요일,일요일,공휴일",09:00-18:00,00:00-00:00,00:00-00:00,5,14,전라남도 신안군 하의면 오류동길 11,061-275-4088,없음,34.6053715014,126.0348743138
Wonderful english 작은도서관,작은도서관,전라남도,신안군,"토요일,일요일,공휴일",09:00-18:00,00:00-00:00,00:00-00:00,5,14,전라남도 신안군 지도읍 원광정길 25,061-275-0091,없음,35.060906,126.2121379680
도초 작은도서관,작은도서관,전라남도,신안군,"월요일,공휴일",09:00-18:30,09:00-18:00,00:00-00:00,5,14,전라남도 신안군 도초면 서남문로 1521-20,061-240-8677,없음,34.7034911145,125.9539509180
지도 작은도서관,작은도서관,전라남도,신안군,"월요일,수요일,금요일,공휴일",11:00-19:00,11:00-19:00,00:00-00:00,5,14,전라남도 신안군 지도읍 읍내길 71,061-240-8969,없음,35.0608468936,126.2073923491
증도 작은도서관,작은도서관,전라남도,신안군,"토요일,일요일,공휴일",09:00-18:00,00:00-00:00,00:00-00:00,5,14,전라남도 신안군 증도면 문준경길 199,061-240-8887,없음,35.002151,126.1389514087
흑산자산문화도서관,공공도서관,전라남도,신안군,"월요일,공휴일",09:00-18:00,09:00-18:00,00:00-00:00,5,14,전라남도 신안군 흑산면 흑산일주로 5,061-240-3801,없음,34.684118,125.4426134278
신안군립도서관,공공도서관,전라남도,신안군,"월요일,공휴일",09:00-22:00,09:00-18:00,00:00-00:00,5,14,전라남도 신안군 압해읍 압해로 825,061-240-4070,http://www.shinan.go.kr/home/library,34.862602,126.3177668514
은새암,작은도서관,광주광역시,동구,"매주 토,일요일",09:00-17:00,00:00-00:00,00:00-00:00,0,0,"광주광역시 동구 천변우로 369, 대원빌딩 9층 (호남동)",062-670-0539,,35.1477669796,126.9117683537
작은도서관 숲,작은도서관,광주광역시,동구,"매주 일요일, 국가지정공휴일",09:00-18:00,09:00-17:00,00:00-00:00,0,0,광주광역시 동구 동계천로 51-2 (대인동),062-401-1708,,35.1544952567,126.9176305130
메트로열린도서관,작은도서관,광주광역시,동구,"매주 토, 일요일, 국가지정공휴일",09:00-18:00,00:00-00:00,00:00-00:00,0,0,"광주광역시 동구 제봉로 지하 1,지하철 남광주역(학동)",062-604-8434,,35.1393198276,126.9229435422
청라자이작은도서관,작은도서관,인천광역시,서구,신정+설날+추석,09:00-02:00,09:00-00:00,09:00-22:00,0,0,인천광역시 서구 청라에메랄드로 30,032-569-7874,,37.5276740409,126.6570669456
큰빛작은도서관,작은도서관,인천광역시,서구,매주 일요일,13:00-17:00,00:00-00:00,00:00-00:00,5,7,인천광역시 서구 심곡로 132번길 17,070-4634-9061,,37.5457925775,126.6834419515
푸른솔도서관,작은도서관,인천광역시,서구,매주 일요일+월요일,09:00-18:00,13:00-18:00,13:00-18:00,5,7,인천광역시 서구 신석로 32,070-7534-0257,,37.51008869,126.6654844
꿈을굽는작은도서관,작은도서관,인천광역시,서구,매주 금요일,10:00-18:00,09:00-13:00,15:00-19:00,5,14,인천광역시 서구 마전로 115번길 12,070-4312-8341,,37.6095516759,126.6689755332
고맙습니다.글마루작은도서관,작은도서관,부산광역시,부산중구,월요일,10:00-20:00,10:00-20:00,10:00-20:00,5,15,부산광역시 중구 동영로 87-1,051-469-8451,http://blog.naver.com/thanks_gmr,35.1127605,129.0316475
보수동책방골목어린이도서관,어린이도서관,부산광역시,부산중구,월요일,10:00-20:00,10:00-20:00,10:00-20:00,5,15,부산광역시 중구 대청로 57-16,051-255-9141,http://blog.naver.com/okelib,35.10337044,129.0262272
��다작은도서관,작은도서관,부산광역시,부산중구,월요일,10:00-18:00,10:00-18:00,10:00-18:00,3,15,부산광역시 중구 대청로 61-2,051-743-7650,https://cafe.naver.com/bosubook,35.10321832,129.026751
책갈피작은도서관,작은도서관,부산광역시,부산중구,월요일,10:00-20:00,10:00-18:00,10:00-18:00,3,7,부산광역시 중구 보수대로 124번길 24-2,051-247-8425,http://purun1318.org/,35.105783,129.022642
산리작은도서관,작은도서관,부산광역시,부산중구,"토,일요일",09:00-18:00,00:00-00:00,00:00-00:00,3,7,부산광역시 중구 영주로 21,051-462-5200,없음,35.10946964,129.0313921
민들레작은도서관,작은도서관,부산광역시,부산중구,"월,화,목요일",14:00-18:00,14:00-18:00,00:00-00:00,3,14,부산광역시 중구 흑교로 75번길 11-1,051-245-4392,없음,35.10533785,129.022609
구정자료실작은도서관,작은도서관,부산광역시,부산중구,"토,일요일",09:00-18:00,00:00-00:00,00:00-00:00,2,5,부산광역시 중구 중구로 120,051-600-4615,없음,35.10619853,129.032312
원통도서관,공공도서관,강원도,인제군,"매주 월요일, 공휴일을 제외한 관공서의 공휴일인 경우",09:00-22:00,09:00-22:00,09:00-22:00,5,14,강원도 인제군 북면 금강로 62,033-461-0089,www.injeiibrary.com,38.1255640158,128.2055577
기린도서관,공공도서관,강원도,인제군,"매주 월요일, 공휴일을 제외한 관공서의 공휴일인 경우",09:00-22:00,09:00-22:00,09:00-22:00,5,14,강원도 인제군 기린면 기린로 42번길 11,033-462-2087,www.injelibrary.com,37.9552359,128.3190141496
서화도서관,공공도서관,강원도,인제군,"매주 월요일, 공휴일을 제외한 관공서의 공휴일인 경우",09:00-22:00,09:00-22:00,09:00-22:00,5,14,강원도 인제군 서화면 천도로 81번길 27,033-462-4620,www.injeiibrary.com,38.22173047,128.2071503
의정부과학도서관,공공도서관,경기도,의정부시,매주 금요일,09:00-21:00,09:00-18:00,00:00-00:00,10,14,경기도 의정부시 추동로124번길 52,031-828-8670,http://www.uilib.go.kr,37.744726,127.069132
의정부미술도서관,공공도서관,경기도,의정부시,매주 월요일,10:00-21:00,10:00-18:00,00:00-00:00,10,14,경기도 의정부시 민락로 248,031-828-8870,http://www.uilib.go.kr,37.745146,127.106127
의정부가재울도서관,공공도서관,경기도,의정부시,"매주 토, 일요일 및 법정공휴일",08:00-20:00,00:00-00:00,00:00-00:00,10,14,경기도 의정부시 평화로 633,031-828-8660,http://www.uilib.go.kr,37.748368,127.044220
의정부정보도서관,공공도서관,경기도,의정부시,"매주 월요일, 일요일을 제외한 법정공휴일",07:00-00:00,07:00-00:00,09:00-18:00,10,21,경기도 의정부시 의정로41(의정부동),031-828-8700,http://www.uilib.go.kr,37.736558,127.033867
의정부어린이도서관,공공도서관,경기도,의정부시,"매주 금요일, 일요일을 제외한 법정공휴일",09:00-18:00,09:00-18:00,09:00-18:00,10,21,경기도 의정부시 회룡로 79 (호원동),031-828-8711,http://ucl.uilib.go.kr,37.726543,127.042606
의정부1동 작은도서관,작은도서관,경기도,의정부시,"매주 토,일요일 및 법정공휴일",09:00-18:00,00:00-00:00,00:00-00:00,10,21,경기도 의정부시 가능로152번길 14 (의정부동),031-870-6997,http://www.uilib.go.kr,37.746436,127.047618
의정부1동 작은도서관 별관,작은도서관,경기도,의정부시,"매주 토,일요일 및 법정공휴일",09:00-18:00,00:00-00:00,00:00-00:00,10,21,경기도 의정부시 경의로 120 (의정부동),031-870-7031,http://www.uilib.go.kr,37.732739,127.048922
의정부2동 작은도서관,작은도서관,경기도,의정부시,"매주 토,일요일 및 법정공휴일",09:00-18:00,00:00-00:00,00:00-00:00,10,21,경기도 의정부시 신흥로 275 (의정부동),031-870-7329,http://www.uilib.go.kr,37.740786,127.042795
꿈나무 작은도서관,작은도서관,인천광역시,서구,매주 토요일+일요일+법정공휴일,09:00-18:00,00:00-00:00,00:00-00:00,2,7,인천광역시 서구 가정로112번길 10,032-560-3188,,37.494311,126.672569
꿈드림 작은도서관,작은도서관,인천광역시,서구,매주 월요일+토요일+법정공휴일,11:00-18:00,00:00-00:00,00:00-00:00,0,0,인천광역시 서구 봉화로85번길 40-12,032-566-2235,,37.597958,126.635716
꿈마을 작은도서관,작은도서관,인천광역시,서구,매주 토요일+법정공휴일,13:00-18:00,00:00-00:00,00:00-00:00,2,7,인천광역시 서구 승학로 566,032-575-2519,,37.566352,126.6825031
꿈빛도서관,작은도서관,인천광역시,서구,매주 월요일+법정공휴일,10:00-18:00,14:00-18:00,00:00-00:00,5,15,인천광역시 서구 건지로 370,032-574-0052,,37.49663164,126.6826083
꿈사랑 작은도서관,작은도서관,인천광역시,서구,매주 토요일+일요일+법정공휴일,14:00-18:00,00:00-00:00,00:00-00:00,3,7,인천광역시 서구 검단로 446,032-204-3305,,37.6006953,126.6576523
느티나무 도서관,작은도서관,인천광역시,서구,매주 월요일+법정공휴일,10:00-19:00,10:00-18:00,00:00-00:00,2,7,인천광역시 서구 건지로 348번길 8,032-581-4043,,37.49701988,126.680236
드림파크 어울림 1단지 문고,작은도서관,인천광역시,서구,매주 월수목+법정공휴일,14:00-18:00,00:00-00:00,00:00-00:00,2,7,인천광역시 서구 봉화로 18,032-561-3807,,37.59565987,126.6392635
드림하이 작은도서관,작은도서관,인천광역시,서구,매주 월요일+법정공휴일,09:00-18:00,09:00-15:00,00:00-00:00,2,14,인천광역시 서구 완정로64번길 64,032-565-0190,,37.596244,126.673545
물푸레 작은도서관,작은도서관,인천광역시,서구,매주 일요일+법정공휴일,10:00-18:00,11:00-14:00,00:00-00:00,3,7,인천광역시 서구 원당대로840번길 21,032-563-1739,,37.59234272,126.6949518
청초랑 북카페,작은도서관,인천광역시,서구,매주 토요일+일요일+법정공휴일,10:00-18:00,00:00-00:00,00:00-00:00,0,0,인천광역시 서구 청라라임로 58,032-560-3442,,37.53266259,126.6537321
푸른길 작은도서관,작은도서관,인천광역시,서구,매주 월요일+일요일,11:00-17:00,13:00-17:00,00:00-00:00,0,0,인천광역시 서구 검단로 784,032-562-0697,,37.6148753,126.6869586
5B2F(빠삐뚜엡) 작은도서관,작은도서관,인천광역시,서구,매주 월토일,12:30-17:00,00:00-00:00,00:00-00:00,0,0,인천광역시 서구 청마로 134번길 14,032-564-0693,,37.5894066,126.6790581
행복한 작은도서관,작은도서관,인천광역시,서구,매주 일요일,10:30-17:30,10:30-14:30,00:00-00:00,0,0,인천광역시 서구 가정로 322,032-584-3263,,37.513645,126.672956
다복한작은도서관,작은도서관,인천광역시,서구,법정공휴일,10:00-17:00,10:00-17:00,00:00-00:00,0,0,인천광역시 서구 가석로 160,070-8245-9671,,37.498809,126.676343
블루힐도서관,작은도서관,인천광역시,서구,매주 토요일+일요일,09:00-18:00,09:00-18:00,09:00-18:00,0,0,인천광역시 서구 봉오재2로 37,032-569-6791,,37.53463287,126.6664964
베르힐도서관,작은도서관,인천광역시,서구,법정공휴일,09:00-22:00,09:00-22:00,00:00-00:00,0,0,인천광역시 서구 봉오재1로 15,032-584-7505,,37.52442845,126.6653226
푸른꿈 작은도서관,작은도서관,인천광역시,서구,법정공휴일,18:00-22:00,15:00-19:00,00:00-00:00,5,7,인천광역시 서구 청라라임로 131,032-000-0000,,37.53871056,126.6526677
웰카 작은도서관,작은도서관,인천광역시,서구,매주 토요일+일요일+법정공휴일,13:00-17:00,00:00-00:00,00:00-00:00,5,7,인천광역시 서구 청라에메랄드로 156,070-4415-1011,,37.53871528,126.6579901
서로사랑하는도서관,작은도서관,인천광역시,서구,법정공휴일,10:00-19:00,10:00-17:00,10:00-13:00,0,0,인천광역시 서구 완정로10번길 8,070-4246-5061,,37.59504508,126.673142
사랑방 작은도서관,작은도서관,인천광역시,서구,매주 월요일,10:00-17:00,10:00-17:00,13:00-17:00,0,0,인천광역시 서구 원당대로839번안길 20,032-569-0691,,37.59533187,126.6927384
비전 작은도서관,작은도서관,인천광역시,서구,법정공휴일,09:00-17:00,09:00-15:00,09:00-15:00,0,0,인천광역시 서구 건지로334번길 41,,,37.49445846,126.6786235
맑은내 작은도서관,작은도서관,인천광역시,서구,매주 일요일,10:30-18:00,10:30-18:30,00:00-00:00,0,0,인천광역시 서구 여우재로 99,,,37.48699602,126.6872148
나비사랑 작은도서관,작은도서관,인천광역시,서구,매주 월요일,10:00-17:00,10:00-13:00,00:00-00:00,0,0,인천광역시 서구 담지로 58,,,37.53493817,126.660403
SF 영어 작은도서관,작은도서관,인천광역시,서구,매주 월요일,11:00-17:00,00:00-00:00,00:00-00:00,5,14,인천광역시 서구 심곡로 17-1,070-7717-3597,,37.54244373,126.6716546
동행작은도서관,작은도서관,인천광역시,서구,매주 수요일+일요일,10:00-16:00,12:00-16:00,00:00-00:00,5,14,인천광역시 서구 고래울로 6-1,032-258-1062,,37.48846687,126.6837645
이든샘작은도서관,작은도서관,인천광역시,서구,매주 일요일+월요일,11:00-18:00,11:00-16:00,00:00-00:00,10,5,인천광역시 서구 봉화로 65,032-564-8872,,37.59914945,126.6375171
행복한나라 문고,작은도서관,인천광역시,서구,매주 일요일+법정공휴일,10:00-18:00,10:00-18:00,00:00-00:00,2,7,인천광역시 서구 완정로178번길 49,032-266-8845,,37.60605688,126.659704
회화나무 도서관,작은도서관,인천광역시,서구,매주 토요일+일요일+법정공휴일,09:00-18:00,00:00-00:00,00:00-00:00,2,7,인천광역시 서구 가정로335번길 3,032-560-3116,,37.514608,126.6722843
힐데스 작은도서관,작은도서관,인천광역시,서구,매주 일요일+법정공휴일,13:00-19:00,13:00-19:00,00:00-00:00,0,0,인천광역시 서구 청라라임로 17,032-564-4401,,37.52770121,126.6505059
가재울 작은도서관,작은도서관,인천광역시,서구,매주 토요일+일요일+법정공휴일,10:00-17:30,00:00-00:00,00:00-00:00,5,7,인천광역시 서구 장고개로280번길 14,032-560-3391,,37.48748624,126.683403
가정골 북카페,작은도서관,인천광역시,서구,매주 일요일+법정공휴일,10:00-18:00,10:00-14:00,00:00-00:00,5,14,인천광역시 서구 서달로179번길 12-16,032-571-8920,,37.515517,126.677826
가정동 작은도서관,작은도서관,인천광역시,서구,매주 월요일+법정공휴일,11:00-17:00,11:00-17:00,00:00-00:00,5,14,인천광역시 서구 가정로394번길 6,032-543-8833,,37.51981713,126.6736914
거북골 작은도서관,작은도서관,인천광역시,서구,매주 토요일+일요일+법정공휴일,13:00-17:00,00:00-00:00,00:00-00:00,5,14,인천광역시 서구 거북로 116,032-201-9811,,37.5025911,126.6746007
건지골 마을문고,작은도서관,인천광역시,서구,매주 토요일+일요일+법정공휴일,09:00-18:00,00:00-00:00,00:00-00:00,4,14,인천광역시 서구 원적로 57번길 4,032-577-7747,,37.49250983,126.6800417
당하동 꿈도서관,작은도서관,인천광역시,서구,매주 토요일+일요일+법정공휴일,10:00-18:00,00:00-00:00,00:00-00:00,0,0,인천광역시 서구 청마로167번길 19,032-564-4617,,37.59210105,126.6746306
원당동 작은도서관,작은도서관,인천광역시,서구,매주 토요일+일요일+법정공휴일,09:00-18:00,00:00-00:00,00:00-00:00,0,0,인천광역시 서구 고산로 24,032-561-3401,,37.59508098,126.7017075
금곡하나아파트 문고,작은도서관,인천광역시,서구,매주 일요일+법정공휴일,09:00-17:30,09:00-12:00,00:00-00:00,2,7,인천광역시 서구 완정로216번길 5,032-564-3588,,37.60379126,126.6527775
꿈꾸는 나무 도서관,작은도서관,인천광역시,서구,매주 토요일+일요일+법정공휴일,13:00-18:00,00:00-00:00,00:00-00:00,2,14,인천광역시 서구 청라에메랄드로 134,032-569-7521,,37.53671221,126.6570036
꿈꾸는 작은도서관,작은도서관,인천광역시,서구,매주 화요일+수요일+금요일+토요일+일요일+법정공휴일,15:00-18:00,00:00-00:00,00:00-00:00,2,7,인천광역시 서구 건지로 402,032-578-7721,,37.49526693,126.6844053
함께하는 작은도서관,작은도서관,부산광역시,사상구,"월,일요일,공휴일",13:30-18:00,13:30-18:00,00:00-00:00,0,0,"부산광역시 사상구 백양대로 887-26, 함께하는 교회",051-949-5476,,35.18574065,128.9895176
햇살나무작은도서관,작은도서관,부산광역시,사상구,"일요일,공휴일",10:00-18:00,10:00-18:00,00:00-00:00,3,14,"부산광역시 사상구 모라로110번길 29, 3층",051-312-1391,,35.1852575925,128.9926425019
시립중앙도서관,공공도서관,경기도,광주시,매주 월요일+국가지정공휴일,07:00-00:00,07:00-00:00,09:00-18:00,7,14,경기도 광주시 문화로 82,031-760-5678,http://lib.gjcity.go.kr,37.41063314,127.2531348
오포도서관,공공도서관,경기도,광주시,매주 금요일+국가지정공휴일,08:00-23:00,08:00-23:00,09:00-18:00,7,14,경기도 광주시 오포읍 오포로885,031-760-5697,http://lib.gjcity.go.kr,37.3693774,127.2313694
초월도서관,공공도서관,경기도,광주시,매주 금요일+국가지정공휴일,08:00-22:00,08:00-22:00,09:00-18:00,7,14,경기도 광주시 초월읍 무들로 3-26,031-760-5688,http://lib.gjcity.go.kr,37.3873817247,127.2910941
곤지암도서관,공공도서관,경기도,광주시,매주 월요일+국가지정공휴일,08:00-23:00,08:00-23:00,09:00-18:00,7,14,경기도 광주시 곤지암읍 곤지암로 11번길 47,031-760-5666,http://lib.gjcity.go.kr,37.34906936,127.3410158
능평도서관,공공도서관,경기도,광주시,매주 월요일+국가지정공휴일,08:00-22:00,08:00-22:00,09:00-18:00,7,14,경기도 광주시 오포읍 창뜰아랫길 6,031-760-5912,http://lib.gjcity.go.kr,37.3502799,127.1668655
오포작은도서관,작은도서관,경기도,광주시,매주 일+월요일+국가지정공휴일,11:00-20:00,09:00-18:00,00:00-00:00,5,14,경기도 광주시 오포읍 신현로 65-24,031-760-8741,http://lib.gjcity.go.kr,37.3623972598,127.1558058736
대주작은도서관,작은도서관,경기도,광주시,매주 일+월요일+국가지정공휴일,11:00-20:00,09:00-18:00,00:00-00:00,5,14,경기도 광주시 오포읍 마루들길 276,031-760-8744,http://lib.gjcity.go.kr,37.37619768,127.2609618
퇴촌작은도서관,작은도서관,경기도,광주시,매주 일+월요일+국가지정공휴일,09:00-18:00,09:00-18:00,00:00-00:00,5,14,경기도 광주시 퇴촌면 광동로 57-2,031-760-5691,http://lib.gjcity.go.kr,37.47065196,127.3092016
도척작은도서관,작은도서관,경기도,광주시,매주 일+월요일+국가지정공휴일,09:00-18:00,09:00-18:00,00:00-00:00,5,14,경기도 광주시 도척면 노곡로 20,031-760-5690,http://lib.gjcity.go.kr,37.3048153,127.3311699
중앙동 새싹작은도서관,작은도서관,서울특별시,관악구,매주 토/일요일/국가지정공휴일,10:00-18:00,00:00-00:00,00:00-00:00,5,14,서울특별시 관악구 양녕로6다길 7,02-875-9513,http://lib.gwanak.go.kr/,37.484166,126.949749
청림동 푸른숲작은도서관,작은도서관,서울특별시,관악구,매주 토/일요일/국가지정공휴일,10:00-18:00,00:00-00:00,00:00-00:00,5,14,서울특별시 관악구 관악로40길 39,02-876-4090,http://lib.gwanak.go.kr/,37.491797,126.958599
행운동 마루작은도서관,작은도서관,서울특별시,관악구,매주 토/일요일/국가지정공휴일,10:00-18:00,00:00-00:00,00:00-00:00,5,14,서울특별시 관악구 행운1길 43,02-876-3434,http://lib.gwanak.go.kr/,37.480593,126.957059
청룡동 숯고을작은도서관,작은도서관,서울특별시,관악구,매주 토/일요일/국가지정공휴일,10:00-18:00,00:00-00:00,00:00-00:00,5,14,서울특별시 관악구 쑥고개로 44,02-876-4083,http://lib.gwanak.go.kr/,37.479107,126.941694
낙성동 우듬지작은도서관,작은도서관,서울특별시,관악구,매주 토/일요일/국가지정공휴일,10:00-18:00,00:00-00:00,00:00-00:00,5,14,서울특별시 관악구 낙성대로4가길 5,02-876-4072,http://lib.gwanak.go.kr/,37.476264,126.958365
미성동 책의향기작은도서관,작은도서관,서울특별시,관악구,매주 토/일요일/국가지정공휴일,10:00-18:00,00:00-00:00,00:00-00:00,5,14,서울특별시 관악구 난곡로 249,02-830-5312,http://lib.gwanak.go.kr/,37.476132,126.915527
삼성동 샛별작은도서관,작은도서관,서울특별시,관악구,매주 토/일요일/국가지정공휴일,10:00-18:00,00:00-00:00,00:00-00:00,5,14,서울특별시 관악구 호암로 589,02-876-2063,http://lib.gwanak.go.kr/,37.470073,126.932964
군립중앙도서관,공공도서관,전라남도,고흥군,매주 월요일,08:00-21:00,08:00-21:00,00:00-00:00,10,14,전라남도 고흥군 고흥읍 고흥로 1793,061-830-6950,http://ghlib.go.kr,34.609695,127.288966
군립남부도서관,공공도서관,전라남도,고흥군,매주 월요일,08:00-21:00,08:00-21:00,00:00-00:00,10,14,전라남도 고흥군 도양읍 녹동신항8길 5-4,061-830-6901,http://ghlib.go.kr,34.527547,127.141529
군립북부도서관,공공도서관,전라남도,고흥군,매주 월요일,08:00-21:00,08:00-21:00,00:00-00:00,10,14,전라남도 고흥군 동강면 동강중촌길 35,061-830-5951,http://ghlib.go.kr,34.780904,127.330651
국립아시아문화전당 라이브러리파크,전문도서관,광주광역시,동구,매주 월요일,10:00-18:00,10:00-19:00,10:00-18:00,0,0,광주광역시 동구 문화전당로 38,1899-5566,http://library.acc.go.kr,35.147218,126.920666
충현도서관,공공도서관,경기도,광명시,"매주 금요일, 국가지정공휴일",09:00-22:00,09:00-22:00,09:00-22:00,7,21,경기도 광명시 소하동 충현로 42길 19(소하2동 1256-1),02-2680-6111,http://www.gmlib.or.kr/ChunghyunMain.do,37.4340499,126.8847409
하안도서관,공공도서관,경기도,광명시,"매주 금요일, 국가지정공휴일",07:00-23:00,07:00-23:00,07:00-23:00,7,21,경기도 광명시 철망산로 46(하안동 683),02-2680-2874,http://www.gmlib.or.kr/HaanMain.do,37.4678555,126.8737104
철산도서관,공공도서관,경기도,광명시,"매주 월요일, 국가지정공휴일",07:00-23:00,07:00-23:00,07:00-23:00,7,21,경기도 광명시 철산로 56 (철산동 449-1),02-2680-6820,http://www.gmlib.or.kr/CheolsanMain.do,37.4769468,126.8722073
소하도서관,공공도서관,경기도,광명시,"매주 월요일, 국가지정공휴일",07:00-23:00,07:00-23:00,07:00-23:00,7,21,경기도 광명시 소하일로7,02-2680-0900,http://www.gmlib.or.kr/soha,37.4452882,126.8879877
광명도서관,공공도서관,경기도,광명시,"매주 금요일, 국가지정공휴일",07:00-23:00,07:00-23:00,07:00-23:00,7,21,경기도 광명시 원광명안로 48(광명동 495-1),02-2680-6523,http://www.gmlib.or.kr/JoongangMain.do,37.4652995,126.8514147
평생학습주제전문도서관,전문도서관,경기도,광명시,"매주 토요일,일요일,국가지정공휴일",09:00-18:00,00:00-00:00,00:00-00:00,5,14,경기도 광명시 오리로 854번길 10,02-2680-6130,http://froglib.gm.go.kr,37.474331,126.868457
양산시립도서관,공공도서관,경상남도,양산시,법정공휴일(일요일 제외),09:00-22:00,09:00-22:00,00:00-00:00,5,21,경상남도 양산시 물금읍 청룡로 11,055-392-5900,http://lib.yangsan.go.kr,35.325181,128.996715
웅상도서관,공공도서관,경상남도,양산시,법정공휴일(일요일 제외),09:00-22:00,09:00-22:00,00:00-00:00,5,21,경상남도 양산시 웅상대로 1009-2 (주진동),055-392-5950,http://uslib.yangsan.go.kr,35.389443,129.154962186
양산영어도서관,공공도서관,경상남도,양산시,"월요일, 법정공휴일",09:00-18:00,09:00-18:00,00:00-00:00,5,21,경상남도 양산시 대평들1길 9-10 (소주동),055-392-5940,http://englib.yangsan.go.kr,35.414486,129.164018
상북어린이도서관,공공도서관,경상남도,양산시,"월요일, 법정공휴일",09:00-18:00,09:00-18:00,00:00-00:00,5,21,경상남도 양산시 상북면 반회서7길 14-16,055-392-5936,http://sblib.yangsan.go.kr,35.415945,129.059582
고맙습니다물구나무작은도서관,작은도서관,경상남도,양산시,"토요일, 법정공휴일",09:00-18:00,00:00-00:00,00:00-00:00,3,14,"경상남도 양산시 서창로 194, 서창동주민센터2층",055-366-2121,http://lib.yangsan.go.kr,35.416462,129.173489
순지작은도서관,작은도서관,경상남도,양산시,법정공휴일,09:00-18:00,09:00-18:00,09:00-18:00,3,14,"경상남도 양산시 하북면 신평중앙길 24, 통도아트센터 내 2층",055-382-7941,http://lib.yangsan.go.kr,35.492589,129.084733
책쉼터,작은도서관,서울특별시,관악구,매주 일요일/국가지정공휴일,10:00-18:00,00:00-00:00,00:00-00:00,2,7,서울특별시 관악구 낙성대로3길 37,00-000-0000,http://lib.gwanak.go.kr/,37.472973,126.960215
신림청소년독서실,작은도서관,서울특별시,관악구,매주 일요일/국가지정공휴일,10:00-18:00,00:00-00:00,00:00-00:00,3,7,서울특별시 관악구 난곡로64가길 19,070-7525-0619,http://lib.gwanak.go.kr/,37.480177,126.916185
관악산 詩도서관,작은도서관,서울특별시,관악구,매주 화요일/국가지정공휴일,10:00-18:00,00:00-00:00,00:00-00:00,5,14,서울특별시 관악구 신림로 23,02-871-2261,http://lib.gwanak.go.kr/,37.468116,126.946069
낙성대공원도서관,작은도서관,서울특별시,관악구,매주 화요일/국가지정공휴일,10:00-18:00,00:00-00:00,00:00-00:00,5,14,서울특별시 관악구 낙성대로 77,02-872-5575,http://lib.gwanak.go.kr/,37.471383,126.959727
하난곡작은도서관,작은도서관,서울특별시,관악구,매주 화요일/국가지정공휴일,10:00-18:00,00:00-00:00,00:00-00:00,5,14,서울특별시 관악구 난우10가길 20-7,02-868-8994,http://lib.gwanak.go.kr/,37.4767912,126.919945
용꿈꾸는 작은도서관,작은도서관,서울특별시,관악구,매주 일요일/국가지정공휴일,10:00-18:00,00:00-00:00,00:00-00:00,5,14,서울특별시 관악구 관악로 145,02-889-8823,http://lib.gwanak.go.kr/,37.478127,126.951487
도림천에서 용나는 작은도서관,작은도서관,서울특별시,관악구,매주 화요일/국가지정공휴일,10:00-18:00,00:00-00:00,00:00-00:00,5,14,서울특별시 관악구 신림로 297,02-877-2722,http://lib.gwanak.go.kr/,37.480942,126.929827
꿈나무 영유아도서관,작은도서관,서울특별시,관악구,매주 화요일/국가지정공휴일,10:00-18:00,00:00-00:00,00:00-00:00,5,14,서울특별시 관악구 신림로3길 35,02-828-5721,http://lib.gwanak.go.kr/,37.467081,126.944781
보라매동 다사랑작은도서관,작은도서관,서울특별시,관악구,매주 토/일요일/국가지정공휴일,10:00-18:00,00:00-00:00,00:00-00:00,5,14,서울특별시 관악구 봉천로 279-8,02-876-2879,http://lib.gwanak.go.kr/,37.467081,126.944781
은천동 한울작은도서관,작은도서관,서울특별시,관악구,매주 토/일요일/국가지정공휴일,10:00-18:00,00:00-00:00,00:00-00:00,5,14,서울특별시 관악구 국회단지2길 29-10,02-876-4091,http://lib.gwanak.go.kr/,37.486875,126.941527
인헌동 보물섬 작은도서관,작은도서관,서울특별시,관악구,매주 토/일요일/국가지정공휴일,10:00-18:00,00:00-00:00,00:00-00:00,5,14,서울특별시 관악구 남부순환로246가길 20,02-889-4941,http://lib.gwanak.go.kr/,37.475044,126.965247
난곡동 책사랑 작은도서관,작은도서관,서울특별시,관악구,매주 토/일요일/국가지정공휴일,10:00-18:00,00:00-00:00,00:00-00:00,5,14,서울특별시 관악구 난곡로 30길 40,02-861-7130,http://lib.gwanak.go.kr/,37.470991,126.921644
난향동 뜰안에작은도서관,작은도서관,서울특별시,관악구,매주 토/일요일/국가지정공휴일,10:00-18:00,00:00-00:00,00:00-00:00,5,14,서울특별시 관악구 난곡로 67,02-867-1735,http://lib.gwanak.go.kr/,37.164461,126.918785
남현동 우리작은도서관,작은도서관,서울특별시,관악구,매주 토/일요일/국가지정공휴일,10:00-18:00,00:00-00:00,00:00-00:00,5,14,서울특별시 관악구 남현1가길 29,02-525-1334,http://lib.gwanak.go.kr/,37.474518,126.9778675
신림동 굴렁쇠작은도서관,작은도서관,서울특별시,관악구,매주 토/일요일/국가지정공휴일,10:00-18:00,00:00-00:00,00:00-00:00,5,14,서울특별시 관악구 신림동길 14,02-877-2727,http://lib.gwanak.go.kr/,37.487372,126.927118
서림동 글사랑작은도서관,작은도서관,서울특별시,관악구,매주 토/일요일/국가지정공휴일,10:00-18:00,00:00-00:00,00:00-00:00,5,14,서울특별시 관악구 신림로29길 6,02-884-3951,http://lib.gwanak.go.kr/,37.474961,126.934984
신원동 울타리작은도서관,작은도서관,서울특별시,관악구,매주 토/일요일/국가지정공휴일,10:00-18:00,00:00-00:00,00:00-00:00,5,14,서울특별시 관악구 신원로3길 13-6,02-839-1547,http://lib.gwanak.go.kr/,37.481565,126.927333
신사동 해오름작은도서관,작은도서관,서울특별시,관악구,매주 토/일요일/국가지정공휴일,10:00-18:00,00:00-00:00,00:00-00:00,5,14,서울특별시 관악구 조원로 151-1,02-853-7336,http://lib.gwanak.go.kr/,37.485923,126.919089
서원동 어울작은도서관,작은도서관,서울특별시,관악구,매주 토/일요일/국가지정공휴일,10:00-18:00,00:00-00:00,00:00-00:00,5,14,서울특별시 관악구 신림로 282,02-872-5322,http://lib.gwanak.go.kr/,37.479734,126.9313649
대학동 녹두작은도서관,작은도서관,서울특별시,관악구,매주 토/일요일/국가지정공휴일,10:00-18:00,00:00-00:00,00:00-00:00,5,14,서울특별시 관악구 신림로 111,02-872-4765,http://lib.gwanak.go.kr/,37.470598,126.936927
성현동 파랑새작은도서관,작은도서관,서울특별시,관악구,매주 토/일요일/국가지정공휴일,10:00-18:00,00:00-00:00,00:00-00:00,5,14,서울특별시 관악구 구암길 38,02-875-9054,http://lib.gwanak.go.kr/,37.489512,126.948077
황전새마을작은도서관,작은도서관,경상남도,양산시,"일요일, 법정공휴일",14:00-18:00,10:00-12:00,00:00-00:00,5,7,"경상남도 양산시 물금읍 오봉로 23, 황전아파트관리사무소1층",055-385-3149,http://lib.yangsan.go.kr,35.326466,128.998271
신림청소년독서실,작은도서관,서울특별시,관악구,매주 일요일/국가지정공휴일,08:00-23:00,08:00-23:00,09:00-22:00,3,7,서울특별시 관악구 난곡로64가길 19,070-7525-0619,http://lib.gwanak.go.kr/,37.480177,126.916185
관악문화관도서관,공공도서관,서울특별시,관악구,매주 화요일/국가지정공휴일,07:00-23:00,09:00-17:00,00:00-00:00,5,14,서울특별시 관악구 신림로3길 35(신림동),02-828-5700,http://lib.gwanak.go.kr/,37.467135,126.944735
글빛정보도서관,공공도서관,서울특별시,관악구,매주 수요일/국가지정공휴일,07:00-23:00,09:00-22:00,00:00-00:00,5,14,서울특별시 관악구 관악로 30길 23,02-878-7460,http://lib.gwanak.go.kr/,37.486252,126.959668
성현동작은도서관,공공도서관,서울특별시,관악구,매주 화요일/국가지정공휴일,09:00-19:00,09:00-17:00,00:00-00:00,5,14,서울특별시 관악구 관악로 37길 56,02-877-7182,http://lib.gwanak.go.kr/,37.487704,126.956096
은천동작은도서관,공공도서관,서울특별시,관악구,매주 화요일/국가지정공휴일,09:00-20:00,09:00-17:00,00:00-00:00,5,14,서울특별시 관악구 봉천로 33나길 30,02-877-1162,http://lib.gwanak.go.kr/,37.485298,126.942434
조원작은도서관,공공도서관,서울특별시,관악구,매주 수요일/법정공휴일,09:00-20:00,09:00-17:00,00:00-00:00,5,14,서울특별시 관악구 조원로 12길 25,02-851-5571,http://lib.gwanak.go.kr/,34.482544,126.907773
책이랑놀이랑,작은도서관,서울특별시,관악구,매주 화요일/국가지정공휴일,09:00-18:00,09:00-17:00,00:00-00:00,5,14,서울특별시 관악구 행운1길 12,02-878-0955,http://lib.gwanak.go.kr/,37.479992,126.958588
관악산 詩도서관,작은도서관,서울특별시,관악구,매주 화요일/국가지정공휴일,09:00-18:00,09:00-17:00,00:00-00:00,5,14,서울특별시 관악구 신림로 23,02-871-2261,http://lib.gwanak.go.kr/,37.468116,126.946069
낙성대공원도서관,작은도서관,서울특별시,관악구,매주 화요일/국가지정공휴일,09:00-18:00,09:00-17:00,00:00-00:00,5,14,서울특별시 관악구 낙성대로 77,02-872-5575,http://lib.gwanak.go.kr/,37.471383,126.959727
하난곡작은도서관,작은도서관,서울특별시,관악구,매주 화요일/국가지정공휴일,09:00-18:00,09:00-17:00,00:00-00:00,5,14,서울특별시 관악구 난우10가길 20-7,02-868-8994,http://lib.gwanak.go.kr/,37.4767912,126.919945
용꿈꾸는 작은도서관,작은도서관,서울특별시,관악구,매주 일요일/국가지정공휴일,09:00-22:00,09:00-17:00,00:00-00:00,5,14,서울특별시 관악구 관악로 145,02-889-8823,http://lib.gwanak.go.kr/,37.478127,126.951487
도림천에서 용나는 작은도서관,작은도서관,서울특별시,관악구,매주 화요일/국가지정공휴일,09:00-20:00,09:00-17:00,00:00-00:00,5,14,서울특별시 관악구 신림로 297,02-877-2722,http://lib.gwanak.go.kr/,37.480942,126.929827
꿈나무 영유아도서관,작은도서관,서울특별시,관악구,매주 화요일/국가지정공휴일,09:00-18:00,09:00-17:00,00:00-00:00,5,14,서울특별시 관악구 신림로3길 35,02-828-5721,http://lib.gwanak.go.kr/,37.467081,126.944781
서울대입구역 U-도서관,작은도서관,서울특별시,관악구,국가지정공휴일(설날/추석),06:00-00:00,06:00-00:00,00:00-00:00,5,14,서울특별시 관악구 남부순환로 지하 1822,00-000-0000,http://lib.gwanak.go.kr/,37.481239,126.952747
신대방역 U-도서관,작은도서관,서울특별시,관악구,국가지정공휴일(설날/추석),06:00-00:00,06:00-00:00,00:00-00:00,5,14,서울특별시 동작구 대림로 2(신대방역),00-000-0000,http://lib.gwanak.go.kr/,37.487397,126.913024
봉천역 U-도서관,작은도서관,서울특별시,관악구,국가지정공휴일(설날/추석),06:00-00:00,06:00-00:00,00:00-00:00,5,14,서울특별시 관악구 남부순환로 지하 1721,00-000-0000,http://lib.gwanak.go.kr/,37.482332,126.942487
낙성대역 U-도서관,작은도서관,서울특별시,관악구,국가지정공휴일(설날/추석),06:00-00:00,06:00-00:00,00:00-00:00,5,14,서울특별시 관악구 남부순환로 지하 1928,00-000-0000,http://lib.gwanak.go.kr/,37.476975,126.963739
신림역 U-도서관,작은도서관,서울특별시,관악구,국가지정공휴일(설날/추석),06:00-00:00,06:00-00:00,00:00-00:00,5,14,서울특별시 관악구 남부순환로 지하 1614,00-000-0000,http://lib.gwanak.go.kr/,37.484224,126.929681
봉현작은도서관,작은도서관,서울특별시,관악구,매주 일요일/국가지정공휴일,09:00-18:00,09:00-18:00,00:00-00:00,5,14,서울특별시 관악구 관악로 255-7,070-7163-5167,http://lib.gwanak.go.kr/,37.4871775,126.956625
청룡작은도서관,작은도서관,서울특별시,관악구,매주 일요일/국가지정공휴일,09:00-18:00,09:00-18:00,00:00-00:00,5,14,서울특별시 관악구 청룡9길 12-39,02-876-4041,http://lib.gwanak.go.kr/,37.478018,126.946457
삼성작은도서관,작은도서관,서울특별시,관악구,매주 일요일/국가지정공휴일,09:00-18:00,09:00-18:00,00:00-00:00,5,14,서울특별시 관악구 호암로 520,070-7163-5166,http://lib.gwanak.go.kr/,37.464073,126.931802
숲속작은도서관,작은도서관,서울특별시,관악구,매주 화요일/국가지정공휴일,10:00-18:00,00:00-00:00,00:00-00:00,5,14,서울특별시 관악구 관악산 나들길 114,070-4118-6154,http://lib.gwanak.go.kr/,37.458841,126.946195
책이랑놀이랑,작은도서관,서울특별시,관악구,매주 화요일/국가지정공휴일,10:00-18:00,00:00-00:00,00:00-00:00,5,14,서울특별시 관악구 행운1길 12,02-878-0955,http://lib.gwanak.go.kr/,37.479992,126.958588
우암작은도서관,작은도서관,울산광역시,중구,"매주토, 일요일",10:00-17:00,00:00-00:00,00:00-00:00,3,14,울산광역시 중구 당산5길 41(우정동),052-290-4640,,35.5547629,129.3123959
학성작은도서관,작은도서관,울산광역시,중구,"매주토, 일요일",09:00-18:00,00:00-00:00,00:00-00:00,3,14,울산광역시 중구 구교로 92(학성동),052-297-3049,,35.5553494,129.3343205499
세린작은도서관,작은도서관,울산광역시,중구,매주 월요일,09:00-18:00,09:00-18:00,09:00-17:00,3,14,울산광역시 중구 다운로 2(다운동),070-7123-0210,,35.5561055857,129.2758863
꿈틀꿈틀작은도서관,작은도서관,울산광역시,중구,"매주토, 일요일",10:00-18:00,00:00-00:00,00:00-00:00,3,14,울산광역시 중구 운곡길 9(다운동),052-267-3191,,35.5567038,129.2756604
유곡푸르지오책마루도서관,작은도서관,울산광역시,중구,"매주토, 일요일",14:00-17:00,00:00-00:00,00:00-00:00,3,14,울산광역시 중구 평동3길 1(유곡동),052-248-7897,,35.5609727803,129.3051821031
책의숲,작은도서관,울산광역시,중구,"매주토, 일요일",14:00-17:00,00:00-00:00,00:00-00:00,3,14,울산광역시 중구 평동3길 2(유곡동),052-246-0015,,35.5589493245,129.3028084753
페다고지,작은도서관,울산광역시,중구,"매주토, 일요일",10:00-18:00,00:00-00:00,00:00-00:00,3,14,울산광역시 중구 장춘로 110(성남동),052-244-9654,,35.5570015,129.3205822
어깨동무도서관,작은도서관,울산광역시,중구,"매주토, 일요일",10:00-19:00,00:00-00:00,00:00-00:00,3,14,울산광역시 중구 병영성4길 36-3(남외동),052-295-0815,,35.5752742,129.3418998544
작은도서관 책마을,작은도서관,울산광역시,중구,"매주토, 일요일",09:00-18:00,00:00-00:00,00:00-00:00,3,14,울산광역시 중구 푸름길 30(복산동),052-244-0011,,35.5592312,129.3264216
에일린의뜰문고,작은도서관,울산광역시,중구,"매주토, 일요일",10:00-16:00,00:00-00:00,00:00-00:00,3,14,울산광역시 중구 남외1길 105(남외동),052-295-0706,,35.5675008468,129.3495519697
남외푸르지오문고,작은도서관,울산광역시,중구,"매주토, 일요일",14:00-17:00,00:00-00:00,00:00-00:00,3,14,울산광역시 중구 남외3길 33(남외동),052-281-0399,,35.5649441912,129.3490626560
꿈나무어린이문고,작은도서관,울산광역시,중구,"매주일, 월요일",10:00-17:00,10:00-17:00,00:00-00:00,3,14,울산광역시 중구 구교9길 71(반구동),052-292-3947,,35.5634752,129.3372937
옥골샘도서관,작은도서관,울산광역시,중구,"매주토, 일요일, 법정공휴일",09:00-18:00,00:00-00:00,00:00-00:00,3,14,울산광역시 중구 중앙길 199(중앙동),052-290-4185,http://lib.junggu.ulsan.kr,35.5574601449,129.3240802
태화루도서관,작은도서관,울산광역시,중구,"매주토, 일요일, 법정공휴일",09:00-18:00,00:00-00:00,00:00-00:00,3,14,울산광역시 중구 유곡길 45(태화동),052-290-4190,http://lib.junggu.ulsan.kr,35.5565342,129.304478
함월도서관,작은도서관,울산광역시,중구,"매주월요일, 일요일, 국가지정공휴일",09:00-18:00,09:00-18:00,00:00-00:00,3,14,울산광역시 중구 백양로 34(성안동),052-290-4180,http://lib.junggu.ulsan.kr,35.5744262735,129.3097587221
약숫골도서관,공공도서관,울산광역시,중구,"매주월요일, 국가지정공휴일",09:00-22:00,09:00-18:00,00:00-00:00,3,14,울산광역시 중구 평산4길 38(약사동),052-290-4170,https://lib.junggu.ulsan.kr/,35.5704567,129.3372122
외솔한옥도서관,작은도서관,울산광역시,중구,"매주월요일, 일요일, 국가지정공휴일",09:00-18:00,09:00-18:00,00:00-00:00,3,14,울산광역시 중구 병영7길 36(동동),052-290-4196,http://lib.junggu.ulsan.kr,,
연봉도서관,공공도서관,강원도,홍천군,매주 월요일 및 법정공휴일,09:00-22:00,09:00-22:00,00:00-00:00,3,14,강원도 홍천군 홍천읍 연봉중앙로 11-10,033-430-2419,http://library.hongcheon.gangwon.kr,37.6822856,127.8746714491
서석도서관,공공도서관,강원도,홍천군,매주 월요일 및 법정공휴일,09:00-18:00,09:00-18:00,00:00-00:00,3,14,강원도 홍천군 서석면 풍암길 7,033-430-2405,http://library.hongcheon.gangwon.kr,37.7136572,128.1850459
형설지공군립도서관,공공도서관,전라북도,무주군,"매주월요일,국가지정공휴일(일요일제외)",09:00-22:00,09:00-17:00,09:00-17:00,5,14,전라북도 무주군 무주읍 한풍루로 326-17,063-320-5622,http://library.muju.go.kr,36.0023606058,127.6625301902
정보과학도서관,공공도서관,경기도,과천시,"금요일, 국가지정공휴일, 개관기념일",09:00-22:00,09:00-18:00,09:00-18:00,10,14,경기도 과천시 중앙로 24,02-2150-3008,http://www.gclib.go.kr,37.418729,126.989709
문원도서관,공공도서관,경기도,과천시,"금요일, 국가지정공휴일, 개관기념일",09:00-22:00,09:00-18:00,09:00-18:00,10,14,경기도 과천시 문원로 104,02-2150-3080,http://www.gclib.go.kr/mw,37.424736,127.007416
책쉼터,작은도서관,서울특별시,관악구,매주 일요일/국가지정공휴일,10:00-18:00,00:00-00:00,00:00-00:00,4,14,서울특별시 관악구 낙성대로3길 37,02-879-5712,http://lib.gwanak.go.kr/,37.472973,126.960215
숲속작은도서관,작은도서관,서울특별시,관악구,매주 화요일/국가지정공휴일,09:00-17:00,09:00-17:00,00:00-00:00,5,14,서울특별시 관악구 관악산 나들길 114,070-4118-6154,http://lib.gwanak.go.kr/,37.458841,126.946195
입장면작은도서관,작은도서관,충청남도,천안시,"매주 월/일요일, 국가지정공휴일",10:00-18:00,10:00-18:00,00:00-00:00,10,14,충청남도 천안시 서북구 입장면 하장4길 37,041-583-5001,http://www.cheonan.go.kr/lib.do,36.9133491,127.2182211
직산읍작은도서관,작은도서관,충청남도,천안시,"매주 월/일요일, 국가지정공휴일",09:00-19:00,09:00-19:00,00:00-00:00,10,14,충청남도 천안시 서북구 직산읍 삼은4길 2,041-583-0337,http://www.cheonan.go.kr/lib.do,36.87894848,127.1501022
성환읍다문화작은도서관,작은도서관,충청남도,천안시,"매주 토/일요일, 국가지정공휴일",09:00-19:00,00:00-00:00,00:00-00:00,10,14,충청남도 천안시 서북구 성환읍 성환13길 7,041-587-5002,http://www.cheonan.go.kr/lib.do,36.9181614,127.1343912
광덕작은도서관,작은도서관,충청남도,천안시,"매주 토/일요일, 국가지정공휴일",08:00-16:00,00:00-00:00,00:00-00:00,10,14,충청남도 천안시 동남구 광덕면 신흥리3길 76,041-522-0333,http://www.cheonan.go.kr/lib.do,36.69497347,127.1105835
신안동작은도서관,작은도서관,충청남도,천안시,"매주 월/일요일, 국가지정공휴일",10:00-19:00,10:00-19:00,00:00-00:00,10,14,충청남도 천안시 동남구 신부3길 16-6,041-564-3020,http://www.cheonan.go.kr/lib.do,36.81745837,127.1601766
천안축구센터작은도서관,작은도서관,충청남도,천안시,"매주 월/일요일, 국가지정공휴일",10:00-19:00,10:00-19:00,00:00-00:00,10,14,충청남도 천안시 서북구 축구센터로 150,041-577-8270,http://www.cheonan.go.kr/lib.do,36.82143819,127.1457665
성정1동작은도서관,작은도서관,충청남도,천안시,"매주 월/일요일, 국가지정공휴일",10:00-19:00,10:00-19:00,00:00-00:00,10,14,충청남도 천안시 서북구 선영8길 7,041-579-5783,http://www.cheonan.go.kr/lib.do,36.81503662,127.1428673
목천느티나무작은도서관,작은도서관,충청남도,천안시,"매주 토/일요일, 국가지정공휴일",08:00-16:00,00:00-00:00,00:00-00:00,10,14,충청남도 천안시 동남구 목천읍 서리2길 31,041-522-8018,http://www.cheonan.go.kr/lib.do,36.78791317,127.2357247
북면바로내작은도서관,작은도서관,충청남도,천안시,"매주 월/일요일, 국가지정공휴일",10:00-18:00,10:00-18:00,00:00-00:00,10,14,충청남도 천안시 동남구 북면 위례성로 661-16,041-557-2332,http://www.cheonan.go.kr/lib.do,36.8227841,127.2722181
담양공공도서관,공공도서관,전라남도,담양군,월요일,09:00-18:00,09:00-18:00,09:00-17:00,93508,14,전라남도 담양군 담양읍 미리산길31-48,061-383-7437,http://dylib.jne.go.kr/index.es?sid=a6,35.3120815448,126.983976
강의리새마을문고,작은도서관,전라남도,담양군,일요일,09:00-18:00,09:00-18:00,00:00-00:00,2000,14,전라남도 담양군 대전면 강의길 18,061-382-5256,,35.2661258965,126.9030592240
담빛길작은도서관,작은도서관,전라남도,담양군,일요일,09:00-18:00,09:00-18:00,00:00-00:00,1000,14,전라남도 담양군 담양읍 객사3길 3-1,,,35.323223,126.9816661
대덕문고,작은도서관,전라남도,담양군,일요일,09:00-18:00,09:00-18:00,00:00-00:00,9550,14,전라남도 담양군 대덕면 창평현로 916,061-382-1522,,35.248964,127.0376878349
드림작은도서관,작은도서관,전라남도,담양군,일요일,09:00-18:00,09:00-18:00,00:00-00:00,1100,14,전라남도 담양군 무정면 중리도동길 42-34,061-381-7893,,35.2835027799,127.0065074830
호랑이와곶감그림책도서관,작은도서관,전라남도,담양군,일요일,09:00-18:00,09:00-18:00,00:00-00:00,1010,14,전라남도 담양군 용면 추월산로 900-9,,,35.3958378678,127.0000924637
우정혁신LH2차책사랑,작은도서관,울산광역시,중구,"매주토, 일요일",14:00-17:00,00:00-00:00,00:00-00:00,3,14,울산광역시 중구 종가로 142(태화동),052-242-9800,,35.5598218252,129.2922077536
책나무그늘도서관,작은도서관,울산광역시,중구,"매주 토, 일요일",15:00-17:00,00:00-00:00,00:00-00:00,3,14,울산광역시 중구 유곡로 99(유곡동),052-244-8839,,35.5589285049,129.2972899943
해송작은도서관,작은도서관,울산광역시,중구,"매주토, 일요일",10:00-16:00,00:00-00:00,00:00-00:00,3,14,울산광역시 중구 병영3길 8(남외동),052-292-7397,,35.5700423,129.3465875
에뜰3차아름도서관,작은도서관,울산광역시,중구,"매주토, 일요일",14:00-17:00,00:00-00:00,00:00-00:00,3,14,울산광역시 중구 종가로 245(유곡동),052-211-1931,,35.5644098087,129.3035602642
우정아이파크작은도서관,작은도서관,울산광역시,중구,매주일요일,15:00-00:00,15:00-22:00,00:00-00:00,3,14,울산광역시 중구 우정2길 45(우정동),052-244-0073,,35.5615248687,129.3096661774
솔로몬도서관,작은도서관,울산광역시,중구,매주월요일,13:00-18:30,13:00-18:30,00:00-00:00,3,14,울산광역시 중구 학성4길 61(학성동),052-285-0583,,35.5581110008,129.3319701989
단장골북카페,작은도서관,울산광역시,중구,"매주토, 일요일",09:00-18:00,00:00-00:00,00:00-00:00,3,14,울산광역시 중구 단장골길 1(복산동),052-290-4849,http://lib.junggu.ulsan.kr,35.5692151221,129.3321818098
신월도서관,작은도서관,울산광역시,중구,"매주토, 일요일",09:00-17:00,00:00-00:00,00:00-00:00,3,14,울산광역시 중구 북부순환도로 610(복산동),052-294-4153,,35.5630278,129.3270544
다난작은도서관,작은도서관,울산광역시,중구,"매주토, 일요일",09:00-17:00,00:00-00:00,00:00-00:00,3,14,울산광역시 중구 운곡길 45(다운동),052-249-6015,,35.5576835,129.2750869
해뜰작은도서관,작은도서관,부산광역시,연제구,"매주일요일, 국가지정공휴일",10:00-19:00,10:00-14:00,00:00-00:00,5,14,부산광역시 연제구 중앙대로 1150번길15(연산동),051-665-4512,,35.19056266,129.0815476
해맞이작은도서관,작은도서관,부산광역시,연제구,"매주일요일, 국가지정공휴일",10:00-19:00,10:00-14:00,00:00-00:00,5,14,부산광역시 연제구 해맞이로 43번길 36,051-665-4518,,35.1793710144,129.066573
꽃바위작은도서관,작은도서관,울산광역시,동구,월요일,10:00-18:00,10:00-18:00,10:00-18:00,5,14,울산광역시 동구 문현3길 6(꽃바위문화관 1층),052-209-4337,http//library.donggu.ulsan.kr,35.4870583057,129.4112635877
화정작은도서관,작은도서관,울산광역시,동구,월요일,10:00-18:00,10:00-18:00,10:00-18:00,5,14,울산광역시 동구 대송로 140(화정주민센터 1층),052-209-3950,http//library.donggu.ulsan.kr,35.4958671115,129.4225845949
전하작은도서관,작은도서관,울산광역시,동구,월요일,10:00-18:00,10:00-18:00,10:00-18:00,5,14,울산광역시 동구 진성8길 91(바드래문화관 1층),052-209-3936,http//library.donggu.ulsan.kr,35.5093552942,129.4293240951
남목작은도서관,작은도서관,울산광역시,동구,월요일,10:00-18:00,10:00-18:00,10:00-18:00,5,14,울산광역시 동구 방어진순환도로 1170(남목1동주민센터 2층),052-209-3947,http//library.donggu.ulsan.kr,35.5392872552,129.4207550799
동부도서관,공공도서관,울산광역시,동구,월요일,09:00-22:00,09:00-18:00,09:00-17:00,5,14,울산광역시 동구 봉수로 505,052-241-2300,https://www.usdl.or.kr/main/main.htm,35.5282041554,129.4250734239
괴산교육도서관,공공도서관,충청북도,괴산군 괴산읍,"매월 첫째, 셋째 월요일 및 일요일을 제외한 관공서의 공휴일",08:00-21:00,08:00-21:00,00:00-00:00,5,21,충청북도 괴산군 괴산읍 읍내로 12길 38,043-833-0319,www.gselib.go.kr,36.8108870373,127.7921917366
중앙도서관,공공도서관,충청남도,천안시,"매월 둘째/넷째 월요일, 국가지정공휴일",08:00-22:00,08:00-22:00,08:00-22:00,10,14,충청남도 천안시 동남구 중앙로 118,041-521-3722,http://www.cheonan.go.kr/lib.do,36.80917325,127.1535923
쌍용도서관,공공도서관,충청남도,천안시,"매월 첫째/셋째 월요일, 국가지정공휴일",08:00-22:00,08:00-22:00,08:00-22:00,10,14,충청남도 천안시 서북구 월봉4로 153,041-521-3731,http://www.cheonan.go.kr/lib.do,36.80040792,127.1146491
성거도서관,공공도서관,충청남도,천안시,"매월 둘째/넷째 월요일, 국가지정공휴일",08:00-22:00,08:00-22:00,08:00-22:00,10,14,충청남도 천안시 서북구 성거읍 천흥3길 3,041-521-3734,http://www.cheonan.go.kr/lib.do,36.87162843,127.2010113
아우내도서관,공공도서관,충청남도,천안시,"매월 첫째/셋째 월요일, 국가지정공휴일",08:00-22:00,08:00-22:00,08:00-22:00,10,14,충청남도 천안시 동남구 병천면 병천2로 57,041-521-3723,http://www.cheonan.go.kr/lib.do,36.76620874,127.3020041
도솔도서관,공공도서관,충청남도,천안시,"매월 둘째/넷째 월요일, 국가지정공휴일",08:00-22:00,08:00-22:00,08:00-22:00,10,14,충청남도 천안시 서북구 번영로 156,041-521-3735,http://www.cheonan.go.kr/lib.do,36.81612841,127.1130483
두정도서관,공공도서관,충청남도,천안시,"매월 첫째/셋째 월요일, 국가지정공휴일",08:00-22:00,08:00-22:00,08:00-22:00,10,14,충청남도 천안시 서북구 부성3길 9,041-521-3733,http://www.cheonan.go.kr/lib.do,36.83459674,127.1345767
신방도서관,공공도서관,충청남도,천안시,"매월 둘째/넷째 월요일, 국가지정공휴일",08:00-22:00,08:00-22:00,08:00-22:00,10,14,충청남도 천안시 동남구 통정4로 7,041-521-3724,http://www.cheonan.go.kr/lib.do,36.77439945,127.1308466
청수도서관,공공도서관,충청남도,천안시,"매월 첫째/셋째 월요일, 국가지정공휴일",08:00-22:00,08:00-22:00,08:00-22:00,10,14,충청남도 천안시 동남구 청수 16로 5-10,041-521-3725,http://www.cheonan.go.kr/lib.do,36.78946052,127.1563583
원성2동작은도서관,작은도서관,충청남도,천안시,"매주 월/일요일, 국가지정공휴일",10:00-19:00,10:00-19:00,00:00-00:00,10,14,충청남도 천안시 동남구 원거리8길 43,041-521-3229,http://www.cheonan.go.kr/lib.do,36.8001171,127.1581461
중앙동작은도서관,작은도서관,충청남도,천안시,"매주 월/일요일, 국가지정공휴일",10:00-18:00,10:00-18:00,00:00-00:00,10,14,충청남도 천안시 동남구 영성로 69-1,041-566-2639,http://www.cheonan.go.kr/lib.do,36.80454656,127.1496381
일봉동작은도서관,작은도서관,충청남도,천안시,"매주 월/일요일, 국가지정공휴일",10:00-19:00,10:00-19:00,00:00-00:00,10,14,충청남도 천안시 동남구 차돌고개4길 18,041-573-3353,http://www.cheonan.go.kr/lib.do,36.79912457,127.1353251
성남면작은도서관,작은도서관,충청남도,천안시,"매주 월/일요일, 국가지정공휴일",10:00-18:00,10:00-18:00,00:00-00:00,10,14,충청남도 천안시 동남구 성남면 신사대화로 149,041-622-6665,http://www.cheonan.go.kr/lib.do,36.74222767,127.2369957
풍세면작은도서관,작은도서관,충청남도,천안시,"매주 월/일요일, 국가지정공휴일",10:00-18:00,10:00-18:00,00:00-00:00,10,14,충청남도 천안시 동남구 풍세면 상정1길 3,041-554-5201,http://www.cheonan.go.kr/lib.do,36.72182275,127.1187666
문성동작은도서관,작은도서관,충청남도,천안시,"매주 월/일요일, 국가지정공휴일",10:00-19:00,10:00-19:00,00:00-00:00,10,14,충청남도 천안시 동남구 복자1길 24,041-522-9065,http://www.cheonan.go.kr/lib.do,36.81422134,127.1521491
제원작은도서관,작은도서관,충청남도,금산군,"국가지정공휴일, 매주 토요일, 일요일",09:00-18:00,00:00-00:00,00:00-00:00,10,14,충청남도 금산군 제원면 제원로 21,070-4244-3577,http://www.geumsan.go.kr/library,36.11310124,127.5467774
군북작은도서관,작은도서관,충청남도,금산군,"국가지정공휴일, 매주 토요일, 일요일",09:00-18:00,00:00-00:00,00:00-00:00,10,14,충청남도 금산군 군북면 군북로 701,041-754-2831,http://www.geumsan.go.kr/library,36.166411,127.5260219
남일작은도서관,작은도서관,충청남도,금산군,"국가지정공휴일, 매주 토요일, 일요일",09:00-18:00,00:00-00:00,00:00-00:00,10,14,충청남도 금산군 남일면 상초현길 10,041-753-7919,http://www.geumsan.go.kr/library,36.0448224,127.5042748
청도어린이도서관,어린이도서관,경상북도,청도군,"매주금요일,국가지정공휴일",09:00-18:00,09:00-17:00,00:00-00:00,57445,300,경상북도 청도군 화양읍 청화로 79-3,054-370-6753,lib.cheongdo.go.kr,35.6481840745,128.7363307
청도작은도서관,작은도서관,경상북도,청도군,매주월요일,09:00-18:00,09:00-17:00,00:00-00:00,9164,300,경상북도 청도군 풍각면 송서8길 6-3,054-373-5538,lib.cheongdo.go.kr,35.6421389769,128.6178319
U보라작은도서관,작은도서관,경상남도,김해시,"매주월,일요일,국가지정공휴일",09:30-18:30,09:30-17:30,00:00-00:00,7,14,"경상남도 김해시 전하로208번길 40-12, 반도보라아파트 관리사무소 2층(전하동)",055-324-3335,http://lib.gimhae.go.kr,35.22355779,128.8731862
글혜윰작은도서관,작은도서관,경상남도,김해시,"매주월,일요일,국가지정공휴일",09:00-18:00,09:00-18:00,00:00-00:00,7,14,"경상남도 김해시 진영읍 김해대로361번길 34, 관리동 2층(김해진영코아루아파트)",055-342-0674,http://lib.gimhae.go.kr,35.31136394,128.7318944
김해글로벗도서관,작은도서관,경상남도,김해시,"매주금,토요일,국가지정공휴일",09:00-18:00,00:00-00:00,00:00-00:00,7,14,경상남도 김해시 가락로 81,055-338-1616,http://lib.gimhae.go.kr,35.23383846,128.881259
김해기적의도서관,공공도서관,경상남도,김해시,"매월마지막월요일,국가지정공휴일",09:00-18:00,09:00-18:00,00:00-00:00,7,14,경상남도 김해시 율하1로 55(율하동),055-330-4651,http://lib.gimhae.go.kr,35.17567843,128.8103324
김해시 행정자료실,작은도서관,경상남도,김해시,"매주토,일요일,국가지정공휴일",09:00-18:00,09:00-18:00,00:00-00:00,7,14,경상남도 김해시 김해대로 2401 (김해시청 본관2층),,http://lib.gimhae.go.kr,35.22878699,128.8898338
김해율하도서관,공공도서관,경상남도,김해시,"매월마지막월요일,국가지정공휴일",09:00-18:00,09:00-18:00,00:00-00:00,7,14,경상남도 김해시 율하2로 210 (율하동),055-340-7161,http://lib.gimhae.go.kr,35.17260447,128.8209441
내외작은도서관,작은도서관,경상남도,김해시,"매주월,일요일,국가지정공휴일",09:00-18:00,09:00-17:00,00:00-00:00,7,14,"경상남도 김해시 금관대로 1255, 내외문화의집 1층 내외작은도서관(내동)",055-337-0050,http://lib.gimhae.go.kr,35.23751527,128.8578667
대동푸른뜰작은도서관,작은도서관,경상남도,김해시,"매주월,일요일,국가지정공휴일",09:00-18:00,09:00-18:00,00:00-00:00,7,14,"경상남도 김해시 대동면 동남로41번길 13-11, 대동복지회관 1층",070-8883-4883,http://lib.gimhae.go.kr,35.23611167,128.9938899
대동한마음작은도서관,작은도서관,경상남도,김해시,"매주월,일요일,국가지정공휴일",09:00-18:00,09:00-17:00,00:00-00:00,7,14,"경상남도 김해시 함박로101번길 19, 관리동 2층(외동, 대동아파트)",055-326-7760,http://lib.gimhae.go.kr,35.23347835,128.864783
대포천작은도서관,작은도서관,경상남도,김해시,"매주월,일요일,국가지정공휴일",10:00-18:00,09:00-17:00,00:00-00:00,7,14,경상남도 김해시 상동면 장척로756번길 6,055-323-8766,http://lib.gimhae.go.kr,35.30719964,128.9306847
덕산작은도서관,작은도서관,경상남도,김해시,"매주월,일요일,국가지정공휴일",09:00-18:00,09:00-17:00,00:00-00:00,7,14,"경상남도 김해시 함박로119번길 6, 관리동 2층(외동, 덕산아파트)",070-7760-0775,http://lib.gimhae.go.kr,35.23413331,128.8680504
떡갈나무숲작은도서관,작은도서관,경상남도,김해시,"매주월,일요일,국가지정공휴일",09:00-18:00,08:30-17:30,00:00-00:00,7,14,"경상남도 김해시 율하2로 162, 율현마을주공13단지아파트 주민공동시설 지하1층",055-329-8005,http://lib.gimhae.go.kr,35.16853241,128.8185189
뜨란채작은도서관,작은도서관,경상남도,김해시,"매주월,일요일,국가지정공휴일",09:30-18:30,09:30-17:30,00:00-00:00,7,14,"경상남도 김해시 우암로 36, 관리동 2층(외동)",055-336-1250,http://lib.gimhae.go.kr,35.23286123,128.8624359
리첼작은도서관,작은도서관,경상남도,김해시,"매주월,일요일,국가지정공휴일",09:00-18:00,09:00-18:00,00:00-00:00,7,14,"경상남도 김해시 덕정로 187, 주민공동시설 지하1층(관동동, 세영리첼)",055-321-7764,http://lib.gimhae.go.kr,35.17692556,128.8043281
분성아이파크작은도서관,작은도서관,경상남도,김해시,"매주월,일요일,국가지정공휴일",09:30-18:30,09:00-17:00,00:00-00:00,7,14,"경상남도 김해시 삼계로 232, 관리동 지하1층(삼계동, 현대분성마을아이파크1차아파트)",055-331-5301,http://lib.gimhae.go.kr,35.26743578,128.8692348
불암동작은도서관,작은도서관,경상남도,김해시,"매주월,일요일,국가지정공휴일",09:00-18:00,09:00-18:00,00:00-00:00,7,14,"경상남도 김해시 식만로 389-5, 선암마을회관 3층(불암동)",055-336-7879,http://lib.gimhae.go.kr,35.22241654,128.9259754
삼계로얄작은도서관,작은도서관,경상남도,김해시,"매주월,일요일,국가지정공휴일",09:00-18:00,09:00-18:00,00:00-00:00,7,14,"경상남도 김해시 가야로 58-1, 관리동 2층(삼계동, 동원로얄듀크아파트)",055-311-2151,http://lib.gimhae.go.kr,35.26943833,128.8668753
지웰작은도서관,작은도서관,서울특별시,은평구,"목, 일요일/법정공휴일",13:00-17:00,13:00-17:00,00:00-00:00,3,14,서울특별시 은평구 은평구 진관4로 78-38,02-353-0911,,37.64427599,126.9312529
사랑꿈터 작은 도서관,작은도서관,서울특별시,은평구,"토,일, 법정공휴일",13:00-17:30,00:00-00:00,00:00-00:00,3,7,서울특별시 은평구 은평구 진관4로 47 706동 1층,,,,
구립 청파도서관,공공도서관,서울특별시,용산구,"월,법정공휴일",09:00-21:00,09:00-17:00,09:00-17:00,3,14,서울특별시 용산구 청파로93길 27,02-714-3931,https://www.yslibrary.or.kr/cheongpa/index.do,37.5539248195,126.9676059172
용산 꿈나무도서관,공공도서관,서울특별시,용산구,"월,법정공휴일",09:00-21:00,09:00-17:00,09:00-17:00,3,14,서울특별시 용산구 녹사평대로329,02-707-0138,https://www.yslibrary.or.kr/dream/index.do,,
청파 어린이 영어도서관,작은도서관,서울특별시,용산구,"토,일,법정공휴일",10:00-19:00,10:00-17:00,00:00-00:00,3,14,서울특별시 용산구 청파로49길 34,02-702-0641,https://www.yslibrary.or.kr/small/index.do,37.5454736959,126.9685012617
용암 어린이 영어도서관,작은도서관,서울특별시,용산구,"토,일,법정공휴일",10:00-19:00,10:00-17:00,00:00-00:00,3,14,서울특별시 용산구 신흥로3가길21-7,02-798-4181,https://www.yslibrary.or.kr/small/index.do,37.5410187594,126.9846928588
북카페 청마루,작은도서관,서울특별시,용산구,"토,일,법정공휴일",08:30-18:30,00:00-00:00,00:00-00:00,3,14,서울특별시 용산구 녹사평대로150,02-2199-8967,https://www.yslibrary.or.kr/small/index.do,37.5324526548,126.9904782550
후암동작은도서관 북앤캠프,작은도서관,서울특별시,용산구,"토,일,법정공휴일",09:00-17:00,00:00-00:00,00:00-00:00,3,14,서울특별시 용산구 후암로32-6,02-2199-8758,https://www.yslibrary.or.kr/small/index.do,37.5486978477,126.9781504584
해다올 작은도서관,작은도서관,서울특별시,용산구,"토,일,법정공휴일",09:00-17:00,00:00-00:00,00:00-00:00,3,14,서울특별시 용산구 신흥로90,02-2199-8739,https://www.yslibrary.or.kr/small/index.do,37.5460752787,126.9855699402
남영동 작은도서관,작은도서관,서울특별시,용산구,"토,일,법정공휴일",09:00-17:00,00:00-00:00,00:00-00:00,3,14,서울특별시 용산구 두텁바위로1길 13,02-775-9260,https://www.yslibrary.or.kr/small/index.do,37.5457054867,126.9730908780
원효로제2동 작은도서관 두드림,작은도서관,서울특별시,용산구,"토,일,법정공휴일",09:30-17:30,00:00-00:00,00:00-00:00,3,14,서울특별시 용산구 효창원로8길 3,02-2199-8755,https://www.yslibrary.or.kr/small/index.do,37.5343532215,126.9515482962
효창동 작은도서관,작은도서관,서울특별시,용산구,"토,일,법정공휴일",09:00-17:00,00:00-00:00,00:00-00:00,3,14,서울특별시 용산구 효창원로161,02-2199-8753,https://www.yslibrary.or.kr/small/index.do,37.5425092453,126.9618400135
오렌지나무 작은도서관,작은도서관,서울특별시,용산구,"토,일,법정공휴일",09:00-17:00,00:00-00:00,00:00-00:00,3,14,서울특별시 용산구 새창로12길13,02-2199-8754,https://www.yslibrary.or.kr/small/index.do,37.5389542495,126.9575829188
한강로동 작은도서관,작은도서관,서울특별시,용산구,"토,일,법정공휴일",09:30-17:30,00:00-00:00,00:00-00:00,3,14,서울특별시 용산구 한강대로38길 28,02-2199-8743,https://www.yslibrary.or.kr/small/index.do,37.5281422426,126.9692280709
이촌2동 작은도서관,작은도서관,서울특별시,용산구,"일,법정공휴일",09:00-20:00,00:00-00:00,00:00-00:00,3,14,서울특별시 용산구 이촌로18길 20,02-2199-8756,https://www.yslibrary.or.kr/small/index.do,37.5262814836,126.9546577844
회나무 작은도서관,작은도서관,서울특별시,용산구,"토,일,법정공휴일",09:00-17:00,00:00-00:00,00:00-00:00,3,14,서울특별시 용산구 회나무로13길 58,02-2199-8647,https://www.yslibrary.or.kr/small/index.do,37.5419023243,126.9901964343
한남동 작은도서관,작은도서관,서울특별시,용산구,"토,일,법정공휴일",09:30-18:00,00:00-00:00,00:00-00:00,3,14,서울특별시 용산구 이태원로224-19,02-2199-8742,https://www.yslibrary.or.kr/small/index.do,37.5348569089,127.0002670156
서빙고동 작은도서관,작은도서관,서울특별시,용산구,"토,일,법정공휴일",09:00-17:00,00:00-00:00,00:00-00:00,3,14,서울특별시 용산구 서빙고로 279,02-2199-8687,https://www.yslibrary.or.kr/small/index.do,37.5204767979,126.9946516618
작은도서관 꿈꾸는 책마을,작은도서관,서울특별시,용산구,"토,일,법정공휴일",09:00-17:30,00:00-00:00,00:00-00:00,3,14,서울특별시 용산구 장문로95,02-2199-8708,https://www.yslibrary.or.kr/small/index.do,37.5263009993,127.0001810069
별밭 작은도서관,작은도서관,서울특별시,용산구,"토,일,법정공휴일",09:30-17:30,00:00-00:00,00:00-00:00,3,14,서울특별시 용산구 장문로95,02-2199-8740,https://www.yslibrary.or.kr/small/index.do,37.5263009993,127.0001810069
연제도서관,공공도서관,부산광역시,연제구,"매주월요일, 국가지정공휴일",09:00-22:00,09:00-18:00,00:00-00:00,5,14,부산광역시 연제구 황령산로 612(연산동),051-665-5511,http://www.yeonje.go.kr/library/main.do,35.17414442,129.0829683
배산작은도서관,작은도서관,부산광역시,연제구,"매주월요일, 국가지정공휴일",10:00-19:00,10:00-18:00,00:00-00:00,5,14,부산광역시 연제구 배산북로8(연산동),051-665-4508,,35.17509425,129.0933137
거제2동새마을문고작은도서관,작은도서관,부산광역시,연제구,"매주일요일, 국가지정공휴일",10:00-19:00,10:00-14:00,00:00-00:00,5,14,부산광역시 연제구 아시아드대로22번길15(거제동),051-665-4511,,35.18764403,129.0701317
밤골작은도서관,작은도서관,부산광역시,연제구,"매주월요일, 국가지정공휴일",10:00-19:00,10:00-18:00,00:00-00:00,5,14,부산광역시 연제구 금련로 24번길33(연산동),051-665-4513,,35.1720557,129.0944725
상곡어울림작은도서관,작은도서관,경상남도,창원시,국가지정공휴일,10:00-19:00,10:00-17:00,00:00-00:00,2,14,경상남도 창원시 마산회원구 내서읍 중리상곡로 18,070-8723-4204,,35.2430592301,128.5049461447
합성가고파작은도서관,작은도서관,경상남도,창원시,매주일요일/국가지정공휴일,09:00-18:00,10:00-17:00,00:00-00:00,3,14,경상남도 창원시 마산회원구 합성서3길 21,055-253-5583,,35.242165,128.5838977723
봉암동작은도서관,작은도서관,경상남도,창원시,매주일요일/국가지정공휴일,10:00-19:00,10:00-17:00,00:00-00:00,2,14,경상남도 창원시 마산회원구 봉암북2길 31,055-292-5760,,35.2212817097,128.5972020468
위드파크환경도서관,작은도서관,경상남도,창원시,매주일요일/국가지정공휴일,09:00-18:00,09:00-17:00,00:00-00:00,5,14,경상남도 창원시 성산구 가양로99(남양동),055-262-5944,,35.2090307167,128.7033394747
숲속마을도서관,작은도서관,경상남도,창원시,국가지정공휴일,09:30-18:30,10:00-16:00,00:00-00:00,2,14,경상남도 창원시 마산회원구 내서읍 삼계본동1길 86,055-252-0882,,35.231866,128.4966014278
이미지작은도서관,작은도서관,경상남도,창원시,국가지정공휴일,09:00-06:00,09:00-16:00,00:00-00:00,2,14,경상남도 창원시 마산회원구 내서읍 광려로 29,055-294-9537,,35.2240135395,128.5032544192
책사랑내서마을도서관,작은도서관,경상남도,창원시,국가지정공휴일,10:00-19:00,10:00-16:00,00:00-00:00,2,14,경상남도 창원시 마산회원구 내서읍 광려천북로 202,055-297-4724,,35.2676529005,128.5239018791
하늘채문화의집,작은도서관,경상남도,창원시,국가지정공휴일,09:00-18:00,10:00-16:00,00:00-00:00,2,14,경상남도 창원시 마산회원구 내서읍 호원로 359-1,055-292-0484,,35.265622,128.5243432063
내서읍새마을문고,작은도서관,경상남도,창원시,매주토요일+국가지정공휴일,10:00-17:00,00:00-00:00,00:00-00:00,2,14,경상남도 창원시 마산회원구 내서읍 중리상곡로 65,055-231-3604,,35.2467855313,128.5076516837
회원1동새마을문고,작은도서관,경상남도,창원시,국가지정공휴일,13:00-18:00,10:00-13:00,00:00-00:00,5,24,경상남도 창원시 마산회원구 회원동11길7,055-248-8427,,35.2183798038,128.5740826404
석전동새마을문고,작은도서관,경상남도,창원시,매주일요일+국가지정공휴일,10:00-18:00,10:00-12:30,00:00-00:00,5,14,"경상남도 창원시 마산회원구 석전동4길 52(석전동, 석전동주민센터 2층)",070-8887-5816,,35.230282,128.573163
회성동새마을문고,작은도서관,경상남도,창원시,국가지정공휴일,14:00-18:00,10:00-16:00,09:00-18:00,5,14,경상남도 창원시 마산회원구 북성로 327,055-230-4936,,35.233013,128.5616948436
양덕1동새마을문고,작은도서관,경상남도,창원시,국가지정공휴일,12:00-18:00,00:00-00:00,00:00-00:00,2,20,경상남도 창원시 마산회원구 팔용로 25,055-255-0330,,35.2322990335,128.5861879428
양덕2동새마을문고,작은도서관,경상남도,창원시,국가지정공휴일,13:00-18:00,00:00-00:00,00:00-00:00,5,14,경상남도 창원시 마산회원구 율림교로 3,055-294-5058,,35.229104,128.5839084934
합성2동새마을문고,작은도서관,경상남도,창원시,매주일요일+국가지정공휴일,14:00-18:00,13:00-17:00,00:00-00:00,2,14,경상남도 창원시 마산회원구 합성남8길46,055-299-1908,,35.2390217833,128.5867714358
구암1동새마을문고,작은도서관,경상남도,창원시,국가지정공휴일,14:00-18:00,12:30-17:30,00:00-00:00,2,14,경상남도 창원시 마산회원구 구암서7길 9,055-255-8722,,35.249784,128.592718
구암2동새마을문고,작은도서관,경상남도,창원시,매주토/일요일+국가지정공휴일,12:00-18:00,00:00-00:00,00:00-00:00,5,14,경상남도 창원시 마산회원구 구암남16길12,055-251-2477,,35.2490126129,128.598426
대동다숲새마을문고,작은도서관,경상남도,창원시,매주일요일+국가지정공휴일,11:00-17:00,10:00-12:30,00:00-00:00,5,14,"경상남도 창원시 진해구 행암로 25(장천동, 대동다숲아파트 114동 반지하)",070-7760-8893,,35.1292309178,128.7047560473
우성아파트새마을문고,작은도서관,경상남도,창원시,국가지정공휴일+홀수토요일,10:00-18:00,10:00-13:00,00:00-00:00,3,14,경상남도 창원시 진해구 충장로575,055-547-0331,,35.1379688011,128.7027352367
한림리츠빌새마을문고,작은도서관,경상남도,창원시,국가지정공휴일+매주2째4째토요일,12:00-18:00,09:00-14:00,00:00-00:00,5,14,"경상남도 창원시 진해구 풍호로 68, 한림리츠빌관리소 2층(풍호동)",055-980-6413,,35.1386593564,128.7095034962
감골도서관,공공도서관,경기도,안산시,"매주금요일,국가지정공휴일",07:00-23:00,07:00-23:00,00:00-00:00,10,14,경기도 안산시 상록구 감골공원안길 16-1(사동),031-481-3710,http://lib.iansan.net,37.2926186,126.8545112406
성포도서관,공공도서관,경기도,안산시,"매주월요일,국가지정공휴일",07:00-23:00,07:00-23:00,00:00-00:00,10,14,경기도 안산시 상록구충장로 528(성포동),031-481-2755,http://lib.iansan.net,37.3251413,126.8503677
상록어린이도서관,공공도서관,경기도,안산시,"매주금요일,국가지정공휴일",09:00-18:00,09:00-18:00,00:00-00:00,10,14,경기도 안산시 상록구구룡체육관로 45(일동),031-481-2671,http://lib.iansan.net,37.3073270624,126.8620315778
부곡도서관,공공도서관,경기도,안산시,"매주금요일,국가지정공휴일",09:00-22:00,09:00-22:00,00:00-00:00,10,14,경기도 안산시 상록구성호로 333(부곡동),031-481-3604,http://lib.iansan.net,37.3326386,126.8608516
상림6 작은도서관,작은도서관,서울특별시,은평구,"토,일요일 법정공휴일",11:00-13:00,00:00-00:00,00:00-00:00,2,14,서울특별시 은평구 진관4로 107 621동 1층(1지구),02-355-5905,,,
은평뉴타운 상림마을  제7단지 문고(푸른꿈),작은도서관,서울특별시,은평구,"토,일요일 법정공휴일",12:30-16:30,00:00-00:00,00:00-00:00,5,10,서울특별시 은평구 진관4로 100 608동 1층(1지구),02-388-5951,,,
은평뉴타운5단지,작은도서관,서울특별시,은평구,"토,일요일 법정공휴일",11:00-16:00,00:00-00:00,00:00-00:00,0,0,서울특별시 은평구 진관4로 87 629동 1층(1지구),02-355-3644,,,
모퉁이작은도서관(은평뉴타운 상림마을 14단지 마을문고),작은도서관,서울특별시,은평구,"토,일요일 법정공휴일",14:00-18:00,00:00-00:00,00:00-00:00,3,14,서울특별시 은평구 진관4로 48-51 730동 1층(1지구),02-351-3995,,,
롯데캐슬문고,작은도서관,서울특별시,은평구,"토,일요일 법정공휴일",13:00-17:00,00:00-00:00,00:00-00:00,3,7,서울특별시 은평구 진관3로 70 830동 1층(1지구),02-355-6307,,,
상림책마루작은도서관,작은도서관,서울특별시,은평구,"토,일요일 법정공휴일",09:00-18:00,14:00-17:00,00:00-00:00,3,7,서울특별시 은평구 진관4로 17 810동 1층(1지구),02-355-2281,,,
우물골작은도서관,작은도서관,서울특별시,은평구,일요일 법정공휴일,13:00-17:00,00:00-00:00,00:00-00:00,5,7,서울특별시 은평구 진관2로 77 206동 1층(2지구),02-353-1548,,,
큰꿈(을 키우는 작은)도서관,작은도서관,서울특별시,은평구,일요일 법정공휴일,10:00-17:00,00:00-00:00,00:00-00:00,10,7,서울특별시 은평구 진관2로 57-37 244동 1층(2지구),02-354-1651,,,
래미안 푸른숲 도서관,작은도서관,서울특별시,은평구,일요일 법정공휴일,14:00-18:00,00:00-00:00,00:00-00:00,3,7,서울특별시 은평구 진관3로 77 924동 1층(3지구),070-8800-8557,http://cafe.daum.net/pooreun2n9,,
두드림 도서관,작은도서관,서울특별시,은평구,"토,일요일 법정공휴일",11:00-18:00,00:00-00:00,00:00-00:00,5,14,서울특별시 은평구 진관3로 15-35 1001동 1층(3지구),02-385-2772,,,
종이책갈피 작은도서관,작은도서관,서울특별시,은평구,"토,일요일 법정공휴일",13:00-17:00,00:00-00:00,00:00-00:00,6,14,서울특별시 은평구 진관3로 67 912동 1층(3지구),,,,
푸른작은도서관,작은도서관,서울특별시,은평구,"토,일요일 법정공휴일",13:00-17:00,00:00-00:00,00:00-00:00,2,7,서울특별시 은평구 연서로 455 537동 1층(3지구),02-359-1801,,,
솔빛도서관,작은도서관,서울특별시,은평구,"토,일요일 법정공휴일",13:00-17:00,00:00-00:00,00:00-00:00,0,0,서울특별시 은평구 연서로 487 524동 1층(3지구),02-358-8146,,,
샘터작은도서관,작은도서관,서울특별시,은평구,일요일 법정공휴일,13:00-17:00,13:00-17:00,00:00-00:00,5,7,서울특별시 은평구 진관2로 111-7 220동 지하1층(2지구),02-353-1572,,,
책뜰에도서관,작은도서관,서울특별시,은평구,"토,일 법정공휴일",11:00-18:00,00:00-00:00,00:00-00:00,4,7,서울특별시 은평구 북한산로 2 1023동 1층(3지구),02-355-6893,,,
마고정 작은도서관,작은도서관,서울특별시,은평구,"토,일요일 법정공휴일",13:00-18:00,00:00-00:00,00:00-00:00,3,14,서울특별시 은평구 진관2로 60(진관동 105) 335동 1층 (관리소 334동),02-353-1346,,37.63395286,126.9227981301
숲속 향기 작은도서관,작은도서관,서울특별시,은평구,명절 연휴,11:00-17:00,11:00-17:00,11:00-17:00,2,14,서울특별시 은평구 연서로48길 12 501동 앞,070-8931-8473,,,
지혜누리작은도서관,작은도서관,서울특별시,은평구,"토,일요일 법정공휴일",13:00-17:00,00:00-00:00,00:00-00:00,5,14,서울특별시 은평구 연서로44길 30 425동 2층,02-358-5935,,,
꿈지락작은도서관,작은도서관,서울특별시,은평구,"토,일요일 법정공휴일",10:00-17:00,00:00-00:00,00:00-00:00,7,7,서울특별시 은평구 진관1로 77-8 401동,070-7721-1002,,37.63174889,126.929022
꿈꾸는i작은도서관,작은도서관,서울특별시,은평구,일요일 법정공휴일,13:00-17:00,00:00-00:00,00:00-00:00,5,10,서울특별시 은평구 진관3로 42 (1지구) (은평제일교회),02-353-2829,,37.6402624,126.9211419425
산책마을 SH작은도서관,작은도서관,서울특별시,은평구,"토,일요일 법정공휴일",13:00-17:00,00:00-00:00,00:00-00:00,2,14,서울특별시 은평구 연서로46길 7 1110동 B1,02-351-3677,,,
나누리작은도서관,작은도서관,서울특별시,은평구,"토,일요일 법정공휴일",11:00-17:00,00:00-00:00,00:00-00:00,5,14,서울특별시 은평구 진관1로 55 마고정11단지아파트 308동 지층,02-353-1281,,,
두근두근작은도서관 (마고정 3단지 도서관),작은도서관,서울특별시,은평구,"토,일요일 법정공휴일",13:00-18:00,00:00-00:00,00:00-00:00,4,14,서울특별시 은평구 은평구 진관2로 90 마고정3단지아파트 314동 지층 문고,070-7325-1307,,,
물푸레작은도서관,작은도서관,서울특별시,은평구,일요일 법정공휴일,10:00-18:00,10:00-18:00,00:00-00:00,3,7,서울특별시 은평구 은평구 진관4로 48-51 상림마을 742동 1층,02-356-9410,,,
새자람작은도서관,작은도서관,서울특별시,은평구,일요일 법정공휴일,13:00-19:00,13:00-19:00,00:00-00:00,2,7,서울특별시 은평구 은평구 대서문길 36 116동 201호,02-383-5586,,,
포수마을 만화도서관,작은도서관,서울특별시,은평구,수요일 일요일,13:30-17:30,13:30-17:30,00:00-00:00,0,0,서울특별시 은평구 응암동 114-9,070-4963-5212,http://cafe.daum.net/GreenPasturesLibrary,,
응암도서관,작은도서관,서울특별시,은평구,월요일 법정공휴일,14:00-17:00,14:00-17:00,14:00-17:00,3,14,서울특별시 은평구 응암로16길 12-1 ?(응암동),02-359-6744,,37.60030754,126.9296354
푸른풀밭 작은도서관,작은도서관,서울특별시,은평구,"토,일요일 법정공휴일",10:00-17:00,00:00-00:00,00:00-00:00,2,7,서울특별시 은평구 은평로8길 18 2층 (응암동),070-4236-0699,http://www.hanseong.org/html/culture/01.asp,37.59883886,126.9200761
응암2동 매바위북카페 (응암2동 주민센터),작은도서관,서울특별시,은평구,"토,일요일 법정공휴일",09:00-18:00,00:00-00:00,00:00-00:00,3,7,서울특별시 은평구 백련산로 100 ?(응암동)?,02-351-5244,,37.59434778,126.9231689
꿈샘도서관,작은도서관,서울특별시,은평구,주말만 운영,00:00-00:00,09:00-18:00,09:00-18:00,3,7,서울특별시 은평구 응암로20길 23 ?(응암동),02-376-9191,,37.59262923,126.9206944
백련산힐스 작은도서관,작은도서관,서울특별시,은평구,법정공휴일,10:00-18:00,10:00-18:00,10:00-18:00,6,14,서울특별시 은평구 백련산로 38 힐스테이트 208동 지하1층,02-302-0950,,,
불광천 작은도서관 (응암정보도서관 운영),작은도서관,서울특별시,은평구,금요일 법정공휴일,09:00-18:00,09:00-18:00,09:00-18:00,3,14,서울특별시 은평구 불광천길 370 (불광천 휴게데크 위),02-308-3117,,37.5904858592,126.9144370871
서문어린이도서관,작은도서관,서울특별시,은평구,월요일 법정공휴일,09:00-17:00,09:00-17:00,09:00-17:00,3,7,서울특별시 은평구 가좌로10길 10,02-375-0025,https://library.ep.go.kr/usweb/USMN000.asp?C0BAC6F2BEEEB8B0C0CCBFB5BEEEB5B5BCADB0FC,37.59165203,126.9167501595
은평어린이영어도서관 (평생학습관 1층),작은도서관,서울특별시,은평구,일요일 법정공휴일,09:00-18:00,09:00-18:00,00:00-00:00,3,14,서울특별시 은평구 서오릉로 87 1층 (역촌동),070-8933-9912,https://library.ep.go.kr/usweb/USMN000.asp?BFAAB8B6B7E720C0DBC0BAB5B5BCADB0FC,37.6077869,126.9213295
역마루 작은도서관 (역촌동 주민센터),작은도서관,서울특별시,은평구,"토,일요일 법정공휴일",09:00-18:00,00:00-00:00,00:00-00:00,0,0,서울특별시 은평구 연서로 59 ?(역촌동)?,02-351-5304,,37.60435017,126.9151783
영광영재도서관,작은도서관,서울특별시,은평구,"월,토요일 법정공휴일",14:00-18:00,00:00-00:00,00:00-00:00,4,7,서울특별시 은평구 갈현로7가길 9 ? 제일영광교회(역촌동),070-4870-4363,http://club.cyworld.com/onlyjesusonly,,
예뜰도서관,작은도서관,서울특별시,은평구,월요일 법정공휴일,12:00-17:00,12:00-17:00,12:00-17:00,5,14,서울특별시 은평구 은평로3길 10 은광교회(역촌동),02-2640-3264,,37.59970722,126.9150085
꿈꾸는 작은도서관 (꿈꾸는 다락방),작은도서관,서울특별시,은평구,법정공휴일,10:00-20:00,10:00-20:00,10:00-20:00,2,3,서울특별시 은평구 진흥로 1길17,070-7518-2148,,37.6019962160,126.9185323915
초록길도서관,작은도서관,서울특별시,은평구,일요일,10:00-18:00,10:00-18:00,00:00-00:00,3,15,"서울특별시 은평구 연서로5길 28 ? (역촌동, 부호아파트)",02-357-7279,,37.6039323,126.9124473
꿈마루 작은 도서관,작은도서관,서울특별시,은평구,"매주 월, 토, 일",13:00-18:00,00:00-00:00,00:00-00:00,2,7,서울특별시 은평구 은평구 진흥로 5길 19,,,37.60262325,126.9188935
청소년문화공간JU역촌동  작은 도서관,작은도서관,서울특별시,은평구,"일요일, 월요일",09:00-20:00,09:00-20:00,00:00-00:00,0,0,서울특별시 은평구 서울시 은평구 역말로 14 3층,02-382-5652,,37.60549462,126.9120335
신사어린이도서관,작은도서관,서울특별시,은평구,일요일 법정공휴일,09:00-18:00,09:00-18:00,00:00-00:00,3,14,서울특별시 은평구 은평로 38 (신사 종합사회복지관 5층),070-4757-7026,,37.5980489370,126.9121456
시루뫼쉼터 (증산동 주민센터),작은도서관,서울특별시,은평구,"토,일요일 법정공휴일",13:00-18:00,00:00-00:00,00:00-00:00,3,14,서울특별시 은평구 증산서길 89 4층,02-351-5395,,37.58425844,126.907082
성산작은도서관,작은도서관,서울특별시,은평구,"토,일요일 법정공휴일",10:00-20:00,00:00-00:00,00:00-00:00,2,14,"서울특별시 은평구 증산서길 90 (증산동,성산교회)",02-305-9200,,37.5841771285,126.9073025923
서영 영어전문 작은도서관,작은도서관,서울특별시,은평구,월요일 법정공휴일,09:30-17:00,09:30-17:00,09:30-17:00,2,7,서울특별시 은평구 증산로11길 7-12,02-373-7494,,37.5865298724,126.9111446384
이아이야작은도서관,작은도서관,서울특별시,은평구,법정공휴일,09:00-19:00,09:00-19:00,09:00-19:00,0,0,서울특별시 은평구 증산서길 63-6,,,37.58251157,126.9052593
물빛마을작은도서관,작은도서관,서울특별시,은평구,"토,일요일 법정공휴일,복지관 휴관일",09:00-18:00,00:00-00:00,00:00-00:00,5,7,서울특별시 은평구 은평터널로 48 은평종합사회복지관 4층(수색동),070-4673-5116,,,
수색한숲도서관,작은도서관,서울특별시,은평구,"토,일요일 법정공휴일",10:00-17:00,00:00-00:00,00:00-00:00,5,7,서울특별시 은평구 은평터널로 66 수색한숲타운아파트 제2관리사무소 관리동1층,02-304-8684,,,
은평노인종합복지관 작은 도서관,작은도서관,서울특별시,은평구,일요일 법정공휴일,09:00-18:00,09:00-18:00,00:00-00:00,3,14,서울특별시 은평구 연서로 415 (은평노인 종합복지관1층),02-385-1351,,37.6322515345,126.9299824191
구산동 도서관마을,공공도서관,서울특별시,은평구,"월요일,법정공휴일",09:00-22:00,09:00-18:00,09:00-18:00,5,14,서울특별시 은평구 연서로 13길 29-23,02-357-0100,http://www.gsvlib.or.kr/,37.6095101902,126.9130879469
내를건너서숲으로도서관,공공도서관,서울특별시,은평구,"월요일,법정공휴일",09:00-22:00,09:00-18:00,09:00-18:00,5,14,서울특별시 은평구 증산로17길 51,02-307-6701,http://www.nslib.or.kr,37.591414,126.907816
은뜨락도서관,공공도서관,서울특별시,은평구,"월요일,법정공휴일",09:00-22:00,09:00-18:00,09:00-18:00,5,14,서울특별시 은평구 통일로 972,02-389-7635,https://www.edlib.or.kr,37.6301404375,126.9199290898
은평작은도서관,작은도서관,서울특별시,은평구,"토,일요일 법정공휴일",09:00-18:00,00:00-00:00,00:00-00:00,3,14,서울특별시 은평구 은평로 195 (은평구청 1층),02-351-8461,https://library.ep.go.kr/usweb/USMN000.asp?C0BAC6F2C0DBC0BAB5B5BCADB0FC,37.6024569702,126.9288235500
녹번만화도서관,작은도서관,서울특별시,은평구,매주월요일,09:00-18:00,09:00-18:00,09:00-18:00,0,0,서울특별시 은평구 은평로 245,02-356-1676,,37.6011055255,126.9351482968
다섯콩작은도서관,작은도서관,서울특별시,은평구,"월요일,     법정공휴일",11:00-19:00,11:00-17:00,11:00-17:00,5,15,서울특별시 은평구 서오릉로4길 10. 성암비전센터 2층,02-384-1184,http://www.sach.or.kr/page-town.phpMcode16,,
어린이도서관 동네북,작은도서관,서울특별시,은평구,일요일,13:00-18:00,11:00-18:00,11:00-18:00,5,14,서울특별시 은평구 진흥로 174?(녹번동) 양광비젼센터2층?,,http://cafe.naver.com/ehdspqnr2013,,
Book Bridge 작은 도서관,작은도서관,서울특별시,은평구,"매주 월, 수",10:00-15:00,00:00-00:00,00:00-00:00,2,14,서울특별시 은평구 서울시 은평구 통일로 590 B동 204호,,,37.59957186,126.9368368
북한산 힐스테이트  1차 솔숲문고,작은도서관,서울특별시,은평구,일요일 법정공휴일,10:00-15:00,10:00-10:00,12:00-00:00,2,7,서울특별시 은평구 불광로2길 33 1110동 지하 주차장1층,02-356-4620,,,
은광교회도서관,작은도서관,서울특별시,은평구,"월요일,     법정공휴일",10:00-18:00,10:00-18:00,10:00-18:00,2,7,서울특별시 은평구 통일로68길 11,02-383-2116,,37.6127035625,126.9297845
바다의 별 작은도서관,작은도서관,서울특별시,은평구,월요일,09:00-18:00,09:00-18:00,09:00-18:00,2,14,서울특별시 은평구 통일로 786(불광동성당),02-355-0545,,37.6152603469,126.9264056222
비전뜰 도서관,작은도서관,서울특별시,은평구,월요일법정공휴일,13:00-18:00,13:00-18:00,13:00-18:00,3,14,서울특별시 은평구 통일로92길 6,02-388-4741,,37.6257009642,126.9207993096
다니엘 작은도서관,작은도서관,서울특별시,은평구,"토,일요일       법정공휴일",13:00-17:00,00:00-00:00,00:00-00:00,2,7,서울특별시 은평구 연서로41길 13-3 부림교회,02-385-0664,,37.62578369,126.9275146
천주교연신내성당 북카페,작은도서관,서울특별시,은평구,월요일,09:00-18:00,09:00-18:00,09:00-18:00,0,0,서울특별시 은평구 연서로43길 6,02-353-6307,https://library.ep.go.kr/usweb/USMN000.asp?B0A5C7F61B5BFB9AEC8ADC0C7C1FD,37.6272305269,126.9287908705
꿈담은 작은 도서관,작은도서관,서울특별시,은평구,일요일,09:00-18:00,10:00-17:00,00:00-00:00,10,5,서울특별시 은평구 은평구 연서로41길 4,,,37.62566023,126.9285396
갈현1동 고리마루작은도서관 (갈현1동 주민센터),작은도서관,서울특별시,은평구,"토,일요일 법정공휴일",09:00-18:00,00:00-00:00,00:00-00:00,3,7,서울특별시 은평구 갈현로 301(갈현동),02-351-5116,https://library.ep.go.kr/usweb/USMN000.asp?C8BFB0E6B0F1B8B6C0BBB9AEB0ED,37.6236871299,126.916679
정임도서관,작은도서관,서울특별시,은평구,월요일 법정공휴일,10:00-14:00,14:00-17:00,14:00-17:00,2,14,서울특별시 은평구 통일로 951 서광교회 (갈현동),02-387-0691,,37.62781878,126.9192927
효경골 마을문고 (갈현2동 주민센터),작은도서관,서울특별시,은평구,"토,일요일 법정공휴일",09:00-18:00,00:00-00:00,00:00-00:00,3,14,서울특별시 은평구 연서로27길 31-6 (갈현동),02-351-5126,,37.6186769946,126.9157776128
청소년도서관 작공,작은도서관,서울특별시,은평구,일요일 법정공휴일,10:00-21:00,10:00-21:00,00:00-00:00,3,14,서울특별시 은평구 연서로21길 16 (갈현동),070-7657-1533,,37.61491999,126.916186
무지개영어도서관,작은도서관,서울특별시,은평구,월요일 법정공휴일,13:00-18:00,13:00-18:00,13:00-18:00,3,3,서울특별시 은평구 서오릉로21길 11 ?(구산동),02-383-4880,https://library.ep.go.kr/usweb/USMN000.asp?B4EBC1B6B2DEB3AAB9ABBEEEB8B0C0CCB5B5BCADB0FC,37.61494677,126.9075233
대조꿈나무어린이도서관,작은도서관,서울특별시,은평구,일요일  법정공휴일,09:00-18:00,09:00-18:00,00:00-00:00,5,14,서울특별시 은평구 연서로20길 24-6 ?(대조동),02-382-3959,,37.61387527,126.9207138
대조제일교회  꿈꾸는 작은도서관,작은도서관,서울특별시,은평구,"월요일,토요일 법정공휴일",13:30-17:00,00:00-00:00,00:00-00:00,2,14,서울특별시 은평구 역말로10가길 22-12 ?(대조동)?,02-386-6680,https://library.ep.go.kr/usweb/USMN000.asp?C0C0BECF1B5BF20B9AEC8ADC0C720C1FD20B9AEB0ED,37.61191616,126.9253585
징검다리 도서관,작은도서관,서울특별시,은평구,"월,일요일",09:00-18:00,09:00-18:00,00:00-00:00,2,7,서울특별시 은평구 서오릉로 132 ?(대조동),02-359-6507,,37.61079028,126.918344
은평문화의집 작은도서관 (응암1동 주민센터),작은도서관,서울특별시,은평구,"토,일요일 법정공휴일",09:00-18:00,00:00-00:00,00:00-00:00,3,5,서울특별시 은평구 백련산로 179 ?(응암동),02-351-5214,http://www.eungam.or.kr/2012/05mission06.php,37.60075892,126.926904
서부교회도서관,작은도서관,경기도,용인시,연중무휴,10:00-22:00,10:00-22:00,10:00-22:00,5,14,경기도 용인시 처인구 경안천로258번길 91-7,031-321-0691,,37.261732,127.2223173
서천아이파크작은도서관,작은도서관,경기도,용인시,매주 금~일요일,15:00-18:00,15:00-18:00,15:00-18:00,5,14,경기도 용인시 기흥구 서그내로16번길 14,,,37.24566771,127.0723769
서희삼정작은도서관,작은도서관,경기도,용인시,연중무휴,10:00-17:30,10:00-17:30,10:00-17:30,5,14,"경기도 용인시 기흥구 언동로 193-26, 102동 1층",,,37.2794779,127.1450685
성지작은도서관,작은도서관,경기도,용인시,"매주 목, 토, 일요일",13:00-17:00,13:00-17:00,13:00-17:00,5,14,"경기도 용인시 수지구 정평로 61, 관리사무소 3층",031-265-5272,,37.3216501,127.0869135
소곤소곤도서관,작은도서관,경기도,용인시,"매주 토, 일요일",09:00-20:00,09:00-20:00,09:00-20:00,5,14,"경기도 용인시 처인구 포곡읍 포곡로 159, 주민공동시설 지하1층",,,37.27392085,127.2207925
소소한작은행복도서관,작은도서관,경기도,용인시,"매주 월, 토, 일요일",10:00-18:00,10:00-18:00,10:00-18:00,5,14,"경기도 용인시 수지구 만현로67번길 17, 나동 202호",070-7753-7700,,37.3093026,127.0881411
숲속도서관,작은도서관,경기도,용인시,매주 월요일,10:00-18:00,10:00-18:00,10:00-18:00,5,14,"경기도 용인시 수지구 고기로67번길 31, 교육관 2층",031-548-2959,,37.3428844,127.0911867
스카이글빛누리도서관,작은도서관,경기도,용인시,연중무휴,10:00-22:00,10:00-22:00,10:00-22:00,5,14,"경기도 용인시 기흥구 중부대로 375, 2층",070-4107-7010,,37.2719374,127.1078352
신동백롯데캐슬에코2단지영어도서관,작은도서관,경기도,용인시,연중무휴,10:00-22:00,10:00-22:00,10:00-22:00,5,14,"경기도 용인시 기흥구 동백죽전대로527번길 67, 2층",,,37.28450491,127.1475164
신봉우남아파트도서관,작은도서관,경기도,용인시,"매주 토, 일요일",13:30-17:30,13:30-17:30,13:30-17:30,5,14,"경기도 용인시 수지구 신봉1로 27, 관리동 2층",,,37.3201839,127.0803686
신영지웰작은도서관,작은도서관,경기도,용인시,"매주 토, 일요일",14:00-17:00,14:00-17:00,14:00-17:00,5,14,경기도 용인시 기흥구 동백5로 41,,,37.276544,127.1549003
아델리움글마루도서관,작은도서관,경기도,용인시,연중무휴,13:30-17:30,13:30-17:30,13:30-17:30,5,14,"경기도 용인시 기흥구 흥덕2로118번길 25, 관리사무소 지하1층",031-892-8201,,37.2783943,127.0780311
아름다운꿈의도서관,작은도서관,경기도,용인시,"매주 토, 일요일",10:00-17:00,10:00-17:00,10:00-17:00,5,14,"경기도 용인시 수지구 신봉2로 71, 501호",031-896-9101,,37.3278915,127.0735126
애벌레도서관,작은도서관,경기도,용인시,"매주 토, 일요일",14:00-18:00,14:00-18:00,14:00-18:00,5,14,"경기도 용인시 기흥구 동백8로 64, 관리사무소 2층",070-8833-1400,,37.2839301,127.1576903
어울터도서관,작은도서관,경기도,용인시,"매주 토, 일요일",13:00-18:00,13:00-18:00,13:00-18:00,5,14,"경기도 용인시 기흥구 금화로82번길 17, 관리사무소 2층",,,37.26619526,127.111792
에이스작은도서관,작은도서관,경기도,용인시,"매주 토, 일요일",10:00-17:00,10:00-17:00,10:00-17:00,5,14,"경기도 용인시 처인구 이동읍 백옥대로 737, 커뮤니티센터 1층",,,37.20227738,127.2086569
영덕신일문고,작은도서관,경기도,용인시,"매주 토, 일요일",15:00-17:00,15:00-17:00,15:00-17:00,5,14,"경기도 용인시 기흥구 영덕대로2077번길 20, 관리동 2층",031-286-0087,,37.268027,127.094635
영락도서관,작은도서관,경기도,용인시,매주 월~토요일,09:00-15:00,09:00-15:00,09:00-15:00,5,14,"경기도 용인시 기흥구 서그내로62번길 38, 교육관 1층",031-215-9311,,37.2431677,127.0690002
영원작은도서관,작은도서관,경기도,용인시,"매주 월, 토, 일요일",13:00-18:00,13:00-18:00,13:00-18:00,5,14,"경기도 용인시 기흥구 동백8로131번길 95, 2층",,,37.28245251,127.1727037
영화작은도서관,작은도서관,경기도,용인시,"매주 토, 일요일",13:00-18:00,13:00-18:00,13:00-18:00,5,14,"경기도 용인시 처인구 경안천로256번길 47-16, 관리사무소 1층",031-321-0922,,37.2528059,127.2263723
예움도서관,작은도서관,경기도,용인시,"매주 월, 일요일",13:00-18:00,13:00-18:00,13:00-18:00,5,14,"경기도 용인시 처인구 양지면 평촌로43번길 33-18, 1층",031-323-6100,,37.2261615,127.3250032
용인영락작은도서관,작은도서관,경기도,용인시,"매주 월, 일요일",11:00-17:00,11:00-17:00,11:00-17:00,5,14,"경기도 용인시 처인구 임원로 31, 1층",,,37.25155094,127.2296724
용인영어도서관,작은도서관,경기도,용인시,"매주 토, 일요일",10:00-18:00,10:00-18:00,10:00-18:00,5,14,"경기도 용인시 수지구 진산로11번길 2, 4층",031-261-7006,,37.3158064,127.0913412
용인영어동백도서관,작은도서관,경기도,용인시,연중무휴,10:00-18:00,10:00-18:00,10:00-18:00,5,14,"경기도 용인시 기흥구 동백중앙로 213, 201호",070-4284-9071,,37.2722149,127.1510051
내동평생교육센터,작은도서관,경상남도,창원시,법정공휴일,09:30-19:00,09:30-17:00,00:00-00:00,5,14,경상남도 창원시 성산구 연덕로 184번길35,055-287-4114,http://www.gnwomen.com,35.217411,128.6695107669
중앙평생교육센터,작은도서관,경상남도,창원시,매주일요일+국가지정공휴일,09:30-19:00,09:30-17:00,00:00-00:00,5,14,경상남도 창원시 성산구 원이대로580번길 34,055-263-4511,http://www.kisingo.or.kr,35.225211,128.677169
상남평생교육센터,작은도서관,경상남도,창원시,매주일요일+국가지정공휴일,09:30-19:00,09:30-17:00,00:00-00:00,3,14,경상남도 창원시 성산구 동산로 115,055-264-0517,http://www.changwon.go.kr/town/sangnam/05/05_01.jsp?menucode=172,35.2190562198,128.6876162081
대방평생교육센터,작은도서관,경상남도,창원시,국가지정공휴일,09:30-19:00,09:30-17:00,00:00-00:00,3,14,경상남도 창원시 성산구 대정로 142,055-283-6558,,35.2101448575,128.7092045510
사파평생교육센터,작은도서관,경상남도,창원시,국가지정공휴일,09:30-19:00,09:30-17:00,00:00-00:00,2,14,경상남도 창원시 성산구 창이대로 706번길 16-23,055-266-1158,,35.2218240995,128.698221
가음정평생교육센터,작은도서관,경상남도,창원시,국가지정공휴일,09:30-19:00,09:30-17:00,09:30-17:00,5,14,"경상남도 창원시 성산구 원이대로 883번길 15-38(가음동,가음정민원센터 2층)",055-289-9155,http://cafe.dawm.net/educationlibrary,35.208574,128.6972161868
남산평생교육센터,작은도서관,경상남도,창원시,매주일요일+국가지정공휴일,09:30-19:00,09:30-17:00,00:00-00:00,3,14,경상남도 창원시 성산구 가음로 92번길 6(가음동),055-282-9605,,35.205109,128.702613
남양평생교육센터,작은도서관,경상남도,창원시,매월세쨋일요일+국가지정공휴일,09:30-19:00,10:00-17:00,00:00-00:00,5,14,경상남도 창원시 성산구 대정로84,055-275-0307,http://cafe.daum.net/mcwlnamyang,35.2091985480,128.7006329419
성주평생교육센터,작은도서관,경상남도,창원시,국가지정공휴일,09:00-18:30,09:30-17:00,09:30-17:00,3,14,경상남도 창원시 성산구 공단로 735(성주동),055-286-5506,,35.1890041791,128.6952235445
웅남평생교육센터,작은도서관,경상남도,창원시,매주일요일+국가지정공휴일,09:00-18:00,09:00-16:30,00:00-00:00,2,14,경상남도 창원시 성산구 신촌로 50,055-286-5666,,35.205316,128.627154
용잠마을도서관,작은도서관,경상남도,창원시,매주일요일+국가지정공휴일,09:30-06:00,09:30-17:00,00:00-00:00,3,14,경상남도 창원시 의창구 동읍 용잠로 41,055-253-9161,,35.279752,128.6889010411
자여마을도서관,작은도서관,경상남도,창원시,매주일요일+국가지정공휴일,09:30-18:30,09:30-17:00,00:00-00:00,3,14,경상남도 창원시 의창구 동읍 자여로 64,055-291-0124,,35.2773244921,128.700235
반딧불이도서관,작은도서관,경상남도,창원시,매주일요일+국가지정공휴일,10:00-19:00,10:00-17:00,00:00-00:00,5,14,경상남도 창원시 의창구 북면 천주로 1085,055-298-6588,,35.347947,128.6073132336
봉림작은도서관,작은도서관,경상남도,창원시,매주일요일+국가지정공휴일,09:00-18:30,09:00-17:00,00:00-00:00,3,14,경상남도 창원시 의창구 창이대로 259번길 19,055-265-6087,,35.2478299828,128.666819
용지호수어울림도서관,작은도서관,경상남도,창원시,매주일요일+국가지정공휴일,14:00-18:00,09:00-17:00,00:00-00:00,3,14,경상남도 창원시 의창구 용지로211번길 21,070-8807-0075,,35.2337785848,128.682604
반림마을도서관,작은도서관,경상남도,창원시,국가지정공휴일,09:00-18:30,09:30-16:00,09:00-18:30,5,14,경상남도 창원시 성산구 반송로105,055-261-9223,,35.2387925774,128.6689247821
늘푸른도서관,작은도서관,경상남도,창원시,매주일요일+국자지정공휴일,09:30-18:30,09:30-17:00,00:00-00:00,3,14,경상남도 창원시 성산구 외동반림로 134번길 15,055-281-3342,,35.229753,128.6741132381
대동디지털마을도서관,작은도서관,경상남도,창원시,국가지정공휴일,09:00-18:00,09:00-17:00,00:00-00:00,2,21,"경상남도 창원시 성산구 창이대로 881번길8, 대동디지털아파트 205동 1층",055-603-3087,,35.2062556053,128.7073881390
사파동성마을작은도서관,작은도서관,경상남도,창원시,국가지정공휴일,09:00-18:00,09:00-17:00,00:00-00:00,2,14,경상남도 창원시 성산구 비음로150,055-263-8216,,35.2202107404,128.7058046782
안민마을도서관,작은도서관,경상남도,창원시,매주일요일+국가지정공휴일,09:00-18:30,09:30-17:00,00:00-00:00,2,14,경상남도 창원시 성산구 안민안길34,055-281-5520,,35.1872372050,128.692676
안민청솔마을도서관,작은도서관,경상남도,창원시,매주일요일+국가지정공휴일,09:00-18:30,09:30-17:00,00:00-00:00,2,14,경상남도 창원시 성산구 안민로117번길17,055-264-0129,,35.1874086388,128.6897058929
반월작은도서관,작은도서관,경상남도,창원시,매주월요일+국가지정공휴일,09:00-18:00,09:00-18:00,00:00-00:00,5,14,경상남도 창원시 마산합포구 3·15대로 121,055-221-8160,,35.1903617281,128.562451
부림희망작은도서관,작은도서관,경상남도,창원시,매주일요일+국가지정공휴일,09:00-18:00,09:00-16:00,00:00-00:00,3,14,경상남도 창원시 마산합포구 3·15대로 346,070-8883-0531,http://cafe.naver.com/burimlibrary,35.2054563071,128.5729547154
무학산블루밍작은도서관,작은도서관,경상남도,창원시,매주일요일+국자지정공휴일,09:00-18:00,09:00-16:00,00:00-00:00,2,14,경상남도 창원시 마산합포구 노산서 18길 142,055-245-5730,,35.2160775144,128.5625774897
오남도서관,공공도서관,경기도,남양주시,"매월 첫째·셋째 금요일, 1월 1일, 설날·추석 연휴(대체공휴일 포함)",08:00-22:00,08:00-22:00,08:00-22:00,20,14,경기도 남양주시 오남읍 양지로240번길 12,031-590-8531,http://lib.nyj.go.kr/onam,37.6979608,127.1978694
진접푸른숲도서관,공공도서관,경기도,남양주시,"매월 둘째·넷째 월요일, 1월 1일, 설날·추석 연휴(대체공휴일 포함)",08:00-22:00,08:00-22:00,08:00-22:00,20,14,경기도 남양주시 진접읍 해밀예당2로 35,031-590-5330,http://lib.nyj.go.kr/jinjeopgw,37.7156893,127.1929216
진접도서관,공공도서관,경기도,남양주시,"매월 첫째·셋째 월요일, 1월 1일, 설날·추석 연휴(대체공휴일 포함)",08:00-22:00,08:00-22:00,08:00-22:00,20,14,경기도 남양주시 진접읍 금강로 1554-11,031-590-5310,http://lib.nyj.go.kr/jinjeop,37.7296018,127.1941965
별내도서관,공공도서관,경기도,남양주시,"매월 둘째·넷째 금요일, 1월 1일, 설날·추석 연휴(대체공휴일 포함)",08:00-22:00,08:00-22:00,08:00-22:00,20,14,경기도 남양주시 별내면 청학로 86-1,031-590-8808,http://lib.nyj.go.kr/bnae,37.7083499,127.1178283
메리골드작은도서관,작은도서관,경기도,용인시,"매주 토, 일요일",14:00-18:00,14:00-18:00,14:00-18:00,5,14,"경기도 용인시 처인구 낙은로 59, 주민공동시설 지하1층",,,37.24153286,127.1968052
물푸레6단지도서관,작은도서관,경기도,용인시,"매주 토, 일요일",14:00-16:00,14:00-16:00,14:00-16:00,5,14,경기도 용인시 기흥구 구성로 475,070-8731-3633,,37.295999,127.1534248
물푸레도서관,작은도서관,경기도,용인시,"매주 토, 일요일",14:00-16:00,14:00-16:00,14:00-16:00,5,14,"경기도 용인시 기흥구 구성3로 65, 관리사무소 2층",070-7584-4320,,37.2996787,127.1510407
미라클차일드어린이영어도서관,작은도서관,경기도,용인시,"매주 토, 일요일",10:00-18:00,10:00-18:00,10:00-18:00,5,14,"경기도 용인시 기흥구 구성로 50, 1층",031-8005-5412,,37.2946759,127.1149685
바른샘도서관,작은도서관,경기도,용인시,매주 일요일,09:00-17:00,09:00-17:00,09:00-17:00,5,14,"경기도 용인시 기흥구 서천로128번길 12, 관리사무소 1층",,,37.2383793,127.0709531
반딧불이도서관,작은도서관,경기도,용인시,"매주 토, 일요일",13:30-17:30,13:30-17:30,13:30-17:30,5,14,"경기도 용인시 수지구 신봉1로 28, 403동 1층",,,37.3208972,127.0817326
밤토실어린이작은도서관,작은도서관,경기도,용인시,매주 토요일,13:00-18:00,13:00-18:00,13:00-18:00,5,14,"경기도 용인시 수지구 고기로 433, 1층",031-896-5312,,37.3595034,127.0615345
백남준라이브러리,작은도서관,경기도,용인시,매주 월요일,10:00-17:00,10:00-17:00,10:00-17:00,5,14,"경기도 용인시 기흥구 백남준로 10, 1층",031-201-8575,,37.2690782,127.1105783
백암면작은도서관,작은도서관,경기도,용인시,매주 일요일,10:00-18:00,10:00-18:00,10:00-18:00,5,14,"경기도 용인시 처인구 백암면 백암로 191-1, 1층",031-334-0094,,37.1638408,127.3751115
버들치도서관,작은도서관,경기도,용인시,"매주 토, 일요일",14:00-18:00,14:00-18:00,14:00-18:00,5,14,"경기도 용인시 수지구 성복2로 220, 관리사무소 1층",,,37.3213784,127.0634727
벽산도서관,작은도서관,경기도,용인시,"매주 월, 금~일요일",14:00-17:00,14:00-17:00,14:00-17:00,5,14,"경기도 용인시 기흥구 연원로42번길 6, 관리사무소 3층",,,37.3018707,127.111356
보정꿈에그린작은도서관,작은도서관,경기도,용인시,"매주 토, 일요일",14:00-18:00,14:00-18:00,14:00-18:00,5,14,"경기도 용인시 기흥구 구교동로 17, 101동 지하3층",070-7769-5123,,37.3065211,127.1072776
쁘레네작은도서관별찌,작은도서관,경기도,용인시,"매주 토, 일요일",10:00-17:00,10:00-17:00,10:00-17:00,5,14,"경기도 용인시 기흥구 관곡로 92, 504호",031-8005-9866,,37.2805012,127.1135009
삼풍동작은도서관,작은도서관,경기도,용인시,"매주 화, 수, 금~일요일",14:00-17:30,14:00-17:30,14:00-17:30,5,14,"경기도 용인시 수지구 문인로 59, 관리사무소 1층",031-261-0447,,37.3323533,127.096635
상하작은도서관,작은도서관,경기도,용인시,"매주 토, 일요일",13:00-18:00,13:00-18:00,13:00-18:00,5,14,"경기도 용인시 기흥구 중부대로788번길 20, 1층",,,37.25743575,127.1371108
상현1동작은도서관,작은도서관,경기도,용인시,"매주 토, 일요일",12:30-17:00,12:30-17:00,12:30-17:00,5,14,경기도 용인시 수지구 상현로 71,031-262-3910,,37.3046115,127.081122
상현2동작은도서관,작은도서관,경기도,용인시,"매주 토, 일요일",13:00-17:00,13:00-17:00,13:00-17:00,5,14,"경기도 용인시 수지구 광교호수로386번길 6, 1층",031-212-4142,,37.2985099,127.0808422
하늘샘작은도서관,작은도서관,대구광역시,북구,"월,법정공휴일",10:00-16:00,10:00-16:00,10:00-16:00,0,0,대구광역시 북구 매전로 4길 10-14,053-314-0600,,35.9080058616,128.5429327519
이편한세상대구금호작은도서관,작은도서관,대구광역시,북구,없음,09:00-23:00,09:00-23:00,09:00-23:00,0,0,대구광역시 북구 내곡로 49,053-313-9002,,35.9010421075,128.5088743483
앤드도서관,작은도서관,대구광역시,북구,"일, 법정공휴일",13:00-18:00,13:00-18:00,00:00-00:00,0,0,대구광역시 북구 대현로 9길 49-26,,,35.8879460331,128.6037559274
꿈담도서관,작은도서관,대구광역시,북구,"토, 일, 법정공휴일",10:00-15:00,00:00-00:00,00:00-00:00,0,0,대구광역시 북구 매전로4길 32(한신더휴웨스턴펠리스),053-262-2202,,35.9062287370,128.5420963008
브라운스톤도서관,작은도서관,대구광역시,북구,"토, 일, 법정공휴일",10:00-16:00,00:00-00:00,00:00-00:00,0,0,대구광역시 북구 내곡로 89(사수동),053-314-2525,,35.9020615929,128.514034
배다리도서관,공공도서관,경기도,평택시,"매월 1,3번째 월요일/국가지정공휴일",09:00-22:00,09:00-22:00,09:00-22:00,10,14,경기도 평택시 죽백6로 20,031-8024-5498,https://www.ptlib.go.kr,37.0022309019,127.1193945484
평택시립도서관,공공도서관,경기도,평택시,"매월 2,4번째 월요일/국가지정공휴일",08:00-23:59,08:00-23:59,08:00-23:59,10,14,경기도 평택시 비전로 27,031-8024-5553,http://www.ptlib.go.kr,36.9958544,127.0937129896
팽성도서관,공공도서관,경기도,평택시,"매월 1,3번째 월요일/국가지정공휴일",08:00-23:59,08:00-23:59,08:00-23:59,10,14,경기도 평택시 팽성읍 안정로95번길 15-25,031-8024-5482,http://www.ptlib.go.kr,36.9649170662,127.0518031186
안중도서관,공공도서관,경기도,평택시,"매월 1,3번째 월요일/국가지정공휴일",08:00-23:59,08:00-23:59,08:00-23:59,10,14,경기도 평택시 안중읍 서동대로 1531,031-8024-8345,http://www.ptlib.go.kr,36.9891006386,126.9195051992
지산초록도서관,공공도서관,경기도,평택시,"매월 2,4번째 월요일/국가지정공휴일",09:00-22:00,09:00-22:00,09:00-22:00,10,14,경기도 평택시 지산로 48,031-8024-7451,http://www.ptlib.go.kr,37.078929,127.0603421919
오성도서관,공공도서관,경기도,평택시,"월요일, 일요일/국가지정공휴일",10:00-19:00,09:00-18:00,00:00-00:00,10,14,경기도 평택시 오성면 오성새싹길 3,031-8024-8561,http://www.ptlib.go.kr,37.0077317541,126.979715
장당도서관,공공도서관,경기도,평택시,"매월 1,3번째 월요일/국가지정공휴일",08:00-23:59,08:00-23:59,08:00-23:59,10,14,경기도 평택시 장당길 116,031-8024-7465,http://www.ptlib.go.kr,37.0528595491,127.0652276396
진위도서관,공공도서관,경기도,평택시,"월요일, 일요일/국가지정공휴일",10:00-19:00,09:00-18:00,00:00-00:00,10,14,경기도 평택시 진위면 진위서로 137,031-8024-7474,http://www.ptlib.go.kr,37.1066887396,127.078351
청북도서관,공공도서관,경기도,평택시,월요일/국가지정공휴일,10:00-19:00,09:00-18:00,09:00-18:00,10,14,경기도 평택시 청북읍 안청로2길 60,031-8024-8582,http://www.ptlib.go.kr,37.0206771994,126.9181368827
세교도서관,공공도서관,경기도,평택시,월요일/국가지정공휴일,10:00-19:00,09:00-18:00,09:00-18:00,10,14,경기도 평택시 은실고가길 180,031-8024-5445,http://www.ptlib.go.kr,37.0064134735,127.0786479713
비전작은도서관,작은도서관,경기도,평택시,"월요일, 일요일/국가지정공휴일",10:00-19:00,09:00-18:00,00:00-00:00,10,14,경기도 평택시 평택5로 185,031-657-6931,http://www.ptlib.go.kr,36.9961511721,127.103199
송탄작은도서관,작은도서관,경기도,평택시,"토요일, 일요일/국가지정공휴일",10:00-19:00,00:00-00:00,00:00-00:00,10,14,경기도 평택시 원칠원길 76,031-611-8917,http://www.ptlib.go.kr,37.0333400453,127.0995495190
서정작은도서관,작은도서관,경기도,평택시,"월요일, 일요일/국가지정공휴일",10:00-19:00,09:00-18:00,00:00-00:00,10,14,경기도 평택시 서정로 202,031-611-3764,http://www.ptlib.go.kr,37.066155,127.055729
강남도서관,공공도서관,서울특별시,강남구,"1,3주 수요일 및 법정공휴일",09:00~20:00,09:00~17:00,,,,서울특별시 강남구 선릉로116길 45,02-3448-4741~5,http://gnlib.sen.go.kr,37.51368143,127.0468374
개포도서관,공공도서관,서울특별시,강남구,"2,4주 목요일 및 법정공휴일",09:00~20:00,09:00~17:00,,,,서울특별시 강남구 선릉로4길 30,02-3460-8200,http://gplib.sen.go.kr,37.48308019,127.063867
강동도서관,공공도서관,서울특별시,강동구,"1,3주 목요일 및 법정공휴일",09:00~20:00,09:00~17:00,,,,서울특별시 강동구 양재대로116길 57,02-2225-9800~3,http://gdlib.sen.go.kr,37.53815107,127.1434874
고덕평생학습관,공공도서관,서울특별시,강동구,"2,4주 월요일 및 법정공휴일",09:00~20:00,09:00~17:00,,,,서울특별시 강동구 고덕동길 295 (고덕2동 296),02-6902-2600,http://gdllc.sen.go.kr,37.55930391,127.1579066
강서도서관,공공도서관,서울특별시,강서구,"1,3주 금요일 및 법정공휴일",09:00~20:00,09:00~17:00,,,,서울특별시 강서구 등촌로51나길 29,02-3219-7000,http://gslib.sen.go.kr,37.5479003,126.8599262
고척도서관,공공도서관,서울특별시,구로구,"2,4주 수요일 및 법정공휴일",09:00~20:00,09:00~17:00,,,,서울특별시 구로구 고척로45길 31,02-2615-0524,http://gclib.sen.go.kr,37.50534626,126.8530515
구로도서관,공공도서관,서울특별시,구로구,"1,3주 수요일 및 법정공휴일",09:00~20:00,09:00~17:00,,,,서울특별시 구로구 공원로 15,02-6958-2800,http://grlib.sen.go.kr,37.49867236,126.8911162
노원평생학습관,공공도서관,서울특별시,노원구,"2,4주 월요일 및 법정공휴일",09:00~20:00,09:00~17:00,,,,서울특별시 노원구 동일로204길 13,02-979-1741,http://nwllc.sen.go.kr,37.63953995,127.067837
도봉도서관,공공도서관,서울특별시,도봉구,"2,4주 수요일 및 법정공휴일",09:00~20:00,09:00~17:00,,,,서울특별시 도봉구 삼양로 556,02-6714-7400,http://dblib.sen.go.kr/,37.65253218,127.0127628
동대문도서관,공공도서관,서울특별시,동대문구,"2,4주 수요일 및 법정공휴일",09:00~20:00,09:00~17:00,,,,서울특별시 동대문구 천호대로4길 22,02-2170-1000,http://ddmlib.sen.go.kr,37.57348736,127.0247655
동작도서관,공공도서관,서울특별시,동작구,"2,4주 금요일 및 법정공휴일",09:00~20:00,09:00~17:00,,,,서울특별시 동작구 장승배기로 94,02-823-6419,http://djlib.sen.go.kr,37.50596898,126.9401028
마포평생학습관,공공도서관,서울특별시,마포구,"2,4주 월요일 및 법정공휴일",09:00~20:00,09:00~17:00,,,,서울특별시 마포구 홍익로2길 16,02-2137-0000,http://mpllc.sen.go.kr,37.5543221,126.9242045
마포평생학습관아현분관,공공도서관,서울특별시,마포구,"2,4주 월요일 및 법정공휴일",09:00~20:00,09:00~17:00,,,,서울특별시 마포구 마포대로 224,02-362-8785,http://ahyon.sen.go.kr,37.55416693,126.9573466
서대문도서관,공공도서관,서울특별시,서대문구,"1,3주 화요일 및 법정공휴일",09:00~20:00,09:00~17:00,,,,서울특별시 서대문구 모래내로 412,02-6948-2115,http://sdmlib.sen.go.kr,37.58331954,126.9408583
송파도서관,공공도서관,서울특별시,송파구,"2,4주 화요일 및 법정공휴일",09:00~20:00,09:00~17:00,,,,서울특별시 송파구 동남로 263,02-3434-3333,http://splib.sen.go.kr,37.49999503,127.1348515
양천도서관,공공도서관,서울특별시,양천구,"1,3주 목요일 및 법정공휴일",09:00~20:00,09:00~17:00,,,,서울특별시 양천구 목동서로 113,02-2062-3900,http://yclib.sen.go.kr,37.53349939,126.8757691
영등포평생학습관,공공도서관,서울특별시,영등포구,"2,4주 월요일 및 법정공휴일",09:00~20:00,09:00~17:00,,,,서울특별시 영등포구 버드나루로15길 10,02-6712-7500,http://ydpllc.sen.go.kr,37.52580934,126.9071819
남산도서관,공공도서관,서울특별시,용산구,"1,3주 월요일 및 법정공휴일",09:00~20:00,09:00~17:00,,,,서울특별시 용산구 소월로 109,02-754-7338,http://nslib.sen.go.kr,37.55255227,126.9821555
용산도서관,공공도서관,서울특별시,용산구,"2,4주 화요일 및 법정공휴일",09:00~20:00,09:00~17:00,,,,서울특별시 용산구 두텁바위로 160,02-6902-7777,http://yslib.sen.go.kr,37.55200494,126.9801399
어린이도서관,공공도서관,서울특별시,종로구,"1,3주 월요일 및 법정공휴일",09:00~18:00,09:00~17:00,,,,서울특별시 종로구 사직로9길 7,02-731-2300,http://childlib.sen.go.kr,37.57607257,126.9683689
정독도서관,공공도서관,서울특별시,종로구,"1,3주 수요일 및 법정공휴일",09:00~20:00,09:00~17:00,,,,서울특별시 종로구 북촌로5길 48,02-2011-5799,http://jdlib.sen.go.kr,37.58103147,126.983694
종로도서관,공공도서관,서울특별시,종로구,"2,4주 월요일 및 법정공휴일",09:00~20:00,09:00~17:00,,,,서울특별시 종로구 사직로9길 15-14,02-721-0711,http://jnlib.sen.go.kr,37.5764504,126.9664672
